solve_id,solve_type,method,warm_start,sub_solve_id,n,p,q,cut_type,cut_value,cuts_sought,cuts_added,variables,constraints,cpu_time
0,once,dual,cold,0,20,0.5,0.1,proportion,0.01,4560,4560,190,4561,0.1872111900000002
0,iterative,dual,warm,0,20,0.5,0.1,proportion,0.01,100,100,190,101,0.001994043999999917
0,iterative,dual,warm,1,20,0.5,0.1,proportion,0.01,45,45,190,146,0.0018835799999998848
0,iterative,dual,warm,2,20,0.5,0.1,proportion,0.01,45,45,190,191,0.0036327790000001414
0,iterative,dual,warm,3,20,0.5,0.1,proportion,0.01,45,45,190,236,0.004992137000000341
0,iterative,dual,warm,4,20,0.5,0.1,proportion,0.01,45,45,190,281,0.00576378100000019
0,iterative,dual,warm,5,20,0.5,0.1,proportion,0.01,45,45,190,326,0.009343685999999796
0,iterative,dual,warm,6,20,0.5,0.1,proportion,0.01,45,45,190,371,0.011930252999999613
0,iterative,dual,warm,7,20,0.5,0.1,proportion,0.01,45,45,190,416,0.009679726999999971
0,iterative,dual,warm,8,20,0.5,0.1,proportion,0.01,45,45,190,461,0.020549347000000218
0,iterative,dual,warm,9,20,0.5,0.1,proportion,0.01,45,45,190,506,0.023998364999999744
0,iterative,dual,warm,10,20,0.5,0.1,proportion,0.01,45,34,190,540,0.029447999999999475
0,iterative,dual,warm,11,20,0.5,0.1,proportion,0.01,45,45,190,585,0.0347655850000006
0,iterative,dual,warm,12,20,0.5,0.1,proportion,0.01,45,45,190,630,0.04023585600000068
0,iterative,dual,warm,13,20,0.5,0.1,proportion,0.01,45,45,190,675,0.046319772999999564
0,iterative,dual,warm,14,20,0.5,0.1,proportion,0.01,45,45,190,720,0.042185993000000366
0,iterative,dual,warm,15,20,0.5,0.1,proportion,0.01,45,45,190,765,0.04079858400000003
0,iterative,dual,warm,16,20,0.5,0.1,proportion,0.01,45,45,190,810,0.04930645399999989
0,iterative,dual,warm,17,20,0.5,0.1,proportion,0.01,45,45,190,855,0.04831600700000038
0,iterative,dual,warm,18,20,0.5,0.1,proportion,0.01,45,18,190,873,0.051679988000000066
0,iterative,dual,warm,19,20,0.5,0.1,proportion,0.01,45,45,190,918,0.052152287000000186
0,iterative,dual,warm,20,20,0.5,0.1,proportion,0.01,45,45,190,963,0.0550902639999995
0,iterative,dual,warm,21,20,0.5,0.1,proportion,0.01,45,45,190,1008,0.05754565600000028
0,iterative,dual,warm,22,20,0.5,0.1,proportion,0.01,45,45,190,1053,0.055700870999999985
0,iterative,dual,warm,23,20,0.5,0.1,proportion,0.01,45,45,190,1098,0.06268341799999977
0,iterative,dual,warm,24,20,0.5,0.1,proportion,0.01,45,45,190,1143,0.06404223799999986
0,iterative,dual,warm,25,20,0.5,0.1,proportion,0.01,45,45,190,1188,0.06498839899999975
0,iterative,dual,warm,26,20,0.5,0.1,proportion,0.01,45,45,190,1233,0.06255319199999931
0,iterative,dual,warm,27,20,0.5,0.1,proportion,0.01,45,45,190,1278,0.05986169800000063
0,iterative,dual,warm,28,20,0.5,0.1,proportion,0.01,45,45,190,1323,0.05794776800000001
0,iterative,dual,warm,29,20,0.5,0.1,proportion,0.01,45,45,190,1368,0.06351022499999992
0,iterative,dual,warm,30,20,0.5,0.1,proportion,0.01,45,45,190,1413,0.0747750930000004
0,iterative,dual,warm,31,20,0.5,0.1,proportion,0.01,45,45,190,1458,0.058872316000000424
0,iterative,dual,warm,32,20,0.5,0.1,proportion,0.01,45,45,190,1503,0.07720290600000013
0,iterative,dual,warm,33,20,0.5,0.1,proportion,0.01,45,45,190,1548,0.0738281660000002
0,iterative,dual,warm,34,20,0.5,0.1,proportion,0.01,45,45,190,1593,0.07991258499999976
0,iterative,dual,warm,35,20,0.5,0.1,proportion,0.01,45,45,190,1638,0.07356357600000063
0,iterative,dual,warm,36,20,0.5,0.1,proportion,0.01,45,45,190,1683,0.07721404600000081
0,iterative,dual,warm,37,20,0.5,0.1,proportion,0.01,45,45,190,1728,0.08140731800000012
0,iterative,dual,warm,38,20,0.5,0.1,proportion,0.01,45,45,190,1773,0.08452124500000036
0,iterative,dual,warm,39,20,0.5,0.1,proportion,0.01,45,45,190,1818,0.07557627300000025
0,iterative,dual,warm,40,20,0.5,0.1,proportion,0.01,45,45,190,1863,0.09273704900000013
0,iterative,dual,warm,41,20,0.5,0.1,proportion,0.01,45,45,190,1908,0.08532978000000035
0,iterative,dual,cold,0,20,0.5,0.1,proportion,0.01,100,100,190,101,0.001855775000000115
0,iterative,dual,cold,1,20,0.5,0.1,proportion,0.01,45,45,190,146,0.000846156999999792
0,iterative,dual,cold,2,20,0.5,0.1,proportion,0.01,45,45,190,191,0.00250807099999939
0,iterative,dual,cold,3,20,0.5,0.1,proportion,0.01,45,45,190,236,0.0015359859999986014
0,iterative,dual,cold,4,20,0.5,0.1,proportion,0.01,45,45,190,281,0.005484290999998365
0,iterative,dual,cold,5,20,0.5,0.1,proportion,0.01,45,45,190,326,0.005950417999999402
0,iterative,dual,cold,6,20,0.5,0.1,proportion,0.01,45,45,190,371,0.006502321999999339
0,iterative,dual,cold,7,20,0.5,0.1,proportion,0.01,45,45,190,416,0.003777590999998637
0,iterative,dual,cold,8,20,0.5,0.1,proportion,0.01,45,45,190,461,0.010948217999999343
0,iterative,dual,cold,9,20,0.5,0.1,proportion,0.01,45,45,190,506,0.014736920000000708
0,iterative,dual,cold,10,20,0.5,0.1,proportion,0.01,45,45,190,551,0.010028367000000316
0,iterative,dual,cold,11,20,0.5,0.1,proportion,0.01,45,45,190,596,0.010323085999999648
0,iterative,dual,cold,12,20,0.5,0.1,proportion,0.01,45,45,190,641,0.012876925000000483
0,iterative,dual,cold,13,20,0.5,0.1,proportion,0.01,45,45,190,686,0.019967384999999283
0,iterative,dual,cold,14,20,0.5,0.1,proportion,0.01,45,45,190,731,0.00562746000000125
0,iterative,dual,cold,15,20,0.5,0.1,proportion,0.01,45,18,190,749,0.002572604000000922
0,iterative,dual,cold,16,20,0.5,0.1,proportion,0.01,45,45,190,794,0.002160530999999466
0,iterative,dual,cold,17,20,0.5,0.1,proportion,0.01,45,18,190,812,0.0016424560000007915
0,iterative,dual,cold,18,20,0.5,0.1,proportion,0.01,45,45,190,857,0.0018569680000002364
0,iterative,dual,cold,19,20,0.5,0.1,proportion,0.01,45,45,190,902,0.001919677000000064
0,iterative,dual,cold,20,20,0.5,0.1,proportion,0.01,45,45,190,947,0.0018086630000002657
0,iterative,dual,cold,21,20,0.5,0.1,proportion,0.01,45,45,190,992,0.0026767599999999447
0,iterative,dual,cold,22,20,0.5,0.1,proportion,0.01,45,45,190,1037,0.0018212210000001505
0,iterative,dual,cold,23,20,0.5,0.1,proportion,0.01,45,45,190,1082,0.0018135689999994042
0,iterative,dual,cold,24,20,0.5,0.1,proportion,0.01,45,45,190,1127,0.001865817000000547
0,iterative,dual,cold,25,20,0.5,0.1,proportion,0.01,45,45,190,1172,0.007228690999999898
0,iterative,dual,cold,26,20,0.5,0.1,proportion,0.01,45,45,190,1217,0.0012255610000000416
0,iterative,dual,cold,27,20,0.5,0.1,proportion,0.01,45,45,190,1262,0.0012627630000014989
0,iterative,dual,cold,28,20,0.5,0.1,proportion,0.01,45,45,190,1307,0.0012857969999995333
0,iterative,dual,cold,29,20,0.5,0.1,proportion,0.01,45,45,190,1352,0.0012740180000001544
0,iterative,dual,cold,30,20,0.5,0.1,proportion,0.01,45,45,190,1397,0.001289741000000788
0,iterative,dual,cold,31,20,0.5,0.1,proportion,0.01,45,45,190,1442,0.0013232160000011817
0,iterative,dual,cold,32,20,0.5,0.1,proportion,0.01,45,45,190,1487,0.0013363529999992352
0,iterative,dual,cold,33,20,0.5,0.1,proportion,0.01,45,45,190,1532,0.001355502999999203
0,iterative,dual,cold,34,20,0.5,0.1,proportion,0.01,45,45,190,1577,0.0015264350000006033
0,iterative,dual,cold,35,20,0.5,0.1,proportion,0.01,45,45,190,1622,0.0014117079999991233
0,iterative,dual,cold,36,20,0.5,0.1,proportion,0.01,45,45,190,1667,0.0014629369999994424
0,iterative,dual,cold,37,20,0.5,0.1,proportion,0.01,45,45,190,1712,0.0014798239999986862
0,iterative,dual,cold,38,20,0.5,0.1,proportion,0.01,45,45,190,1757,0.0014983169999993606
0,iterative,dual,cold,39,20,0.5,0.1,proportion,0.01,45,45,190,1802,0.0015157000000005638
0,iterative,dual,cold,40,20,0.5,0.1,proportion,0.01,45,45,190,1847,0.0015256400000005499
0,iterative,dual,cold,41,20,0.5,0.1,proportion,0.01,45,45,190,1892,0.0015683129999999323
0,iterative,dual,cold,42,20,0.5,0.1,proportion,0.01,45,45,190,1937,0.0015583139999986173
0,iterative,dual,cold,43,20,0.5,0.1,proportion,0.01,45,29,190,1966,0.001564839000000262
0,once,auto,cold,0,20,0.5,0.1,proportion,0.01,4560,4560,190,4561,0.1849211119999996
0,iterative,auto,warm,0,20,0.5,0.1,proportion,0.01,100,100,190,101,0.0018955720000004561
0,iterative,auto,warm,1,20,0.5,0.1,proportion,0.01,45,45,190,146,0.002039848000000788
0,iterative,auto,warm,2,20,0.5,0.1,proportion,0.01,45,45,190,191,0.0034487099999989113
0,iterative,auto,warm,3,20,0.5,0.1,proportion,0.01,45,45,190,236,0.005505562000001518
0,iterative,auto,warm,4,20,0.5,0.1,proportion,0.01,45,45,190,281,0.007904148000001499
0,iterative,auto,warm,5,20,0.5,0.1,proportion,0.01,45,45,190,326,0.009330406000000124
0,iterative,auto,warm,6,20,0.5,0.1,proportion,0.01,45,45,190,371,0.016047605000000686
0,iterative,auto,warm,7,20,0.5,0.1,proportion,0.01,45,45,190,416,0.015330434000000892
0,iterative,auto,warm,8,20,0.5,0.1,proportion,0.01,45,45,190,461,0.019439658999999665
0,iterative,auto,warm,9,20,0.5,0.1,proportion,0.01,45,45,190,506,0.017023024999998526
0,iterative,auto,warm,10,20,0.5,0.1,proportion,0.01,45,34,190,540,0.027812582999999336
0,iterative,auto,warm,11,20,0.5,0.1,proportion,0.01,45,45,190,585,0.04426716900000116
0,iterative,auto,warm,12,20,0.5,0.1,proportion,0.01,45,45,190,630,0.041719323000000585
0,iterative,auto,warm,13,20,0.5,0.1,proportion,0.01,45,45,190,675,0.0380652020000003
0,iterative,auto,warm,14,20,0.5,0.1,proportion,0.01,45,45,190,720,0.03896426299999867
0,iterative,auto,warm,15,20,0.5,0.1,proportion,0.01,45,45,190,765,0.04337416599999955
0,iterative,auto,warm,16,20,0.5,0.1,proportion,0.01,45,45,190,810,0.05086375700000012
0,iterative,auto,warm,17,20,0.5,0.1,proportion,0.01,45,18,190,828,0.046043112999999636
0,iterative,auto,warm,18,20,0.5,0.1,proportion,0.01,45,45,190,873,0.05935015000000021
0,iterative,auto,warm,19,20,0.5,0.1,proportion,0.01,45,45,190,918,0.051515133000000546
0,iterative,auto,warm,20,20,0.5,0.1,proportion,0.01,45,45,190,963,0.04972302000000006
0,iterative,auto,warm,21,20,0.5,0.1,proportion,0.01,45,45,190,1008,0.06058321799999966
0,iterative,auto,warm,22,20,0.5,0.1,proportion,0.01,45,45,190,1053,0.06412018500000016
0,iterative,auto,warm,23,20,0.5,0.1,proportion,0.01,45,45,190,1098,0.061299062999999876
0,iterative,auto,warm,24,20,0.5,0.1,proportion,0.01,45,45,190,1143,0.0598932810000008
0,iterative,auto,warm,25,20,0.5,0.1,proportion,0.01,45,45,190,1188,0.07333537900000131
0,iterative,auto,warm,26,20,0.5,0.1,proportion,0.01,45,45,190,1233,0.06736390300000039
0,iterative,auto,warm,27,20,0.5,0.1,proportion,0.01,45,45,190,1278,0.05635728399999884
0,iterative,auto,warm,28,20,0.5,0.1,proportion,0.01,45,45,190,1323,0.06253240300000051
0,iterative,auto,warm,29,20,0.5,0.1,proportion,0.01,45,45,190,1368,0.06057519400000011
0,iterative,auto,warm,30,20,0.5,0.1,proportion,0.01,45,45,190,1413,0.06210179600000032
0,iterative,auto,warm,31,20,0.5,0.1,proportion,0.01,45,40,190,1453,0.07417803100000064
0,iterative,auto,warm,32,20,0.5,0.1,proportion,0.01,45,45,190,1498,0.06101782300000025
0,iterative,auto,warm,33,20,0.5,0.1,proportion,0.01,45,45,190,1543,0.06789572599999971
0,iterative,auto,warm,34,20,0.5,0.1,proportion,0.01,45,45,190,1588,0.059196335999999405
0,iterative,auto,warm,35,20,0.5,0.1,proportion,0.01,45,45,190,1633,0.07061743100000051
0,iterative,auto,cold,0,20,0.5,0.1,proportion,0.01,100,100,190,101,0.0018746889999992078
0,iterative,auto,cold,1,20,0.5,0.1,proportion,0.01,45,45,190,146,0.0008031390000002858
0,iterative,auto,cold,2,20,0.5,0.1,proportion,0.01,45,45,190,191,0.0017891020000000424
0,iterative,auto,cold,3,20,0.5,0.1,proportion,0.01,45,45,190,236,0.001959128000001087
0,iterative,auto,cold,4,20,0.5,0.1,proportion,0.01,45,45,190,281,0.004239364000000023
0,iterative,auto,cold,5,20,0.5,0.1,proportion,0.01,45,45,190,326,0.006542822000000115
0,iterative,auto,cold,6,20,0.5,0.1,proportion,0.01,45,45,190,371,0.008573805999999351
0,iterative,auto,cold,7,20,0.5,0.1,proportion,0.01,45,45,190,416,0.002008355000000961
0,iterative,auto,cold,8,20,0.5,0.1,proportion,0.01,45,45,190,461,0.012381861000001493
0,iterative,auto,cold,9,20,0.5,0.1,proportion,0.01,45,45,190,506,0.008938449000000404
0,iterative,auto,cold,10,20,0.5,0.1,proportion,0.01,45,45,190,551,0.016701380000000654
0,iterative,auto,cold,11,20,0.5,0.1,proportion,0.01,45,45,190,596,0.01931145100000009
0,iterative,auto,cold,12,20,0.5,0.1,proportion,0.01,45,45,190,641,0.018185410000000957
0,iterative,auto,cold,13,20,0.5,0.1,proportion,0.01,45,18,190,659,0.0019171960000008426
0,iterative,auto,cold,14,20,0.5,0.1,proportion,0.01,45,45,190,704,0.0016603589999988344
0,iterative,auto,cold,15,20,0.5,0.1,proportion,0.01,45,45,190,749,0.0017782090000011408
0,iterative,auto,cold,16,20,0.5,0.1,proportion,0.01,45,45,190,794,0.0014794000000009078
0,iterative,auto,cold,17,20,0.5,0.1,proportion,0.01,45,18,190,812,0.001580767000000094
0,iterative,auto,cold,18,20,0.5,0.1,proportion,0.01,45,18,190,830,0.00189213100000174
0,iterative,auto,cold,19,20,0.5,0.1,proportion,0.01,45,18,190,848,0.0015089229999993847
0,iterative,auto,cold,20,20,0.5,0.1,proportion,0.01,45,45,190,893,0.0015677409999987901
0,iterative,auto,cold,21,20,0.5,0.1,proportion,0.01,45,45,190,938,0.0016749060000016414
0,iterative,auto,cold,22,20,0.5,0.1,proportion,0.01,45,45,190,983,0.0016689750000011827
0,iterative,auto,cold,23,20,0.5,0.1,proportion,0.01,45,45,190,1028,0.001775745999999856
0,iterative,auto,cold,24,20,0.5,0.1,proportion,0.01,45,45,190,1073,0.0018556800000020246
0,iterative,auto,cold,25,20,0.5,0.1,proportion,0.01,45,45,190,1118,0.0020460860000000025
0,iterative,auto,cold,26,20,0.5,0.1,proportion,0.01,45,45,190,1163,0.0018347369999993646
0,iterative,auto,cold,27,20,0.5,0.1,proportion,0.01,45,18,190,1181,0.0018029340000005334
0,iterative,auto,cold,28,20,0.5,0.1,proportion,0.01,45,18,190,1199,0.001853050999997663
0,iterative,auto,cold,29,20,0.5,0.1,proportion,0.01,45,18,190,1217,0.0018527349999999387
0,iterative,auto,cold,30,20,0.5,0.1,proportion,0.01,45,18,190,1235,0.0018118600000001095
0,iterative,auto,cold,31,20,0.5,0.1,proportion,0.01,45,18,190,1253,0.00639539999999883
0,iterative,auto,cold,32,20,0.5,0.1,proportion,0.01,45,45,190,1298,0.001234760000002666
0,iterative,auto,cold,33,20,0.5,0.1,proportion,0.01,45,45,190,1343,0.0012833630000024243
0,iterative,auto,cold,34,20,0.5,0.1,proportion,0.01,45,45,190,1388,0.001295433999999318
0,iterative,auto,cold,35,20,0.5,0.1,proportion,0.01,45,45,190,1433,0.001308598000001382
0,iterative,auto,cold,36,20,0.5,0.1,proportion,0.01,45,45,190,1478,0.0013410589999978129
0,iterative,auto,cold,37,20,0.5,0.1,proportion,0.01,45,45,190,1523,0.001336602000002074
0,iterative,auto,cold,38,20,0.5,0.1,proportion,0.01,45,45,190,1568,0.0014670949999988636
0,iterative,auto,cold,39,20,0.5,0.1,proportion,0.01,45,45,190,1613,0.0014031190000025617
0,iterative,auto,cold,40,20,0.5,0.1,proportion,0.01,45,45,190,1658,0.0014325050000003614
0,iterative,auto,cold,41,20,0.5,0.1,proportion,0.01,45,45,190,1703,0.0014471639999982244
0,iterative,auto,cold,42,20,0.5,0.1,proportion,0.01,45,45,190,1748,0.0014479779999980735
0,iterative,auto,cold,43,20,0.5,0.1,proportion,0.01,45,45,190,1793,0.0014766389999998353
0,iterative,auto,cold,44,20,0.5,0.1,proportion,0.01,45,45,190,1838,0.0015296070000019313
0,iterative,auto,cold,45,20,0.5,0.1,proportion,0.01,45,45,190,1883,0.001528304999997232
0,iterative,auto,cold,46,20,0.5,0.1,proportion,0.01,45,45,190,1928,0.001584206000000421
0,iterative,auto,cold,47,20,0.5,0.1,proportion,0.01,45,7,190,1935,0.0015465170000013018
1,once,dual,cold,0,20,0.5,0.1,proportion,0.1,4560,4560,190,4561,0.05365516100000178
1,iterative,dual,warm,0,20,0.5,0.1,proportion,0.1,100,100,190,101,0.002021202000001665
1,iterative,dual,warm,1,20,0.5,0.1,proportion,0.1,456,456,190,557,0.018284177000001733
1,iterative,dual,warm,2,20,0.5,0.1,proportion,0.1,456,456,190,1013,0.016356498000000386
1,iterative,dual,cold,0,20,0.5,0.1,proportion,0.1,100,100,190,101,0.0018531130000027929
1,iterative,dual,cold,1,20,0.5,0.1,proportion,0.1,456,456,190,557,0.014543252999999368
1,iterative,dual,cold,2,20,0.5,0.1,proportion,0.1,456,456,190,1013,0.011935558000001123
1,once,auto,cold,0,20,0.5,0.1,proportion,0.1,4560,4560,190,4561,0.0533150479999982
1,iterative,auto,warm,0,20,0.5,0.1,proportion,0.1,100,100,190,101,0.001789696999999535
1,iterative,auto,warm,1,20,0.5,0.1,proportion,0.1,456,456,190,557,0.01706653699999805
1,iterative,auto,warm,2,20,0.5,0.1,proportion,0.1,456,456,190,1013,0.013382236000001768
1,iterative,auto,cold,0,20,0.5,0.1,proportion,0.1,100,100,190,101,0.0018284049999977015
1,iterative,auto,cold,1,20,0.5,0.1,proportion,0.1,456,456,190,557,0.01623319400000156
1,iterative,auto,cold,2,20,0.5,0.1,proportion,0.1,456,456,190,1013,0.007785075000001029
2,once,dual,cold,0,20,0.5,0.2,proportion,0.01,4560,4560,190,4561,0.13725685800000065
2,iterative,dual,warm,0,20,0.5,0.2,proportion,0.01,100,100,190,101,0.001835522000000367
2,iterative,dual,warm,1,20,0.5,0.2,proportion,0.01,45,45,190,146,0.0020027079999991315
2,iterative,dual,warm,2,20,0.5,0.2,proportion,0.01,45,45,190,191,0.0037296859999997878
2,iterative,dual,warm,3,20,0.5,0.2,proportion,0.01,45,45,190,236,0.0039040709999973444
2,iterative,dual,warm,4,20,0.5,0.2,proportion,0.01,45,45,190,281,0.006441711000000794
2,iterative,dual,warm,5,20,0.5,0.2,proportion,0.01,45,45,190,326,0.010256641999998095
2,iterative,dual,warm,6,20,0.5,0.2,proportion,0.01,45,45,190,371,0.014291335999999433
2,iterative,dual,warm,7,20,0.5,0.2,proportion,0.01,45,45,190,416,0.0204140819999985
2,iterative,dual,warm,8,20,0.5,0.2,proportion,0.01,45,45,190,461,0.033170984000001624
2,iterative,dual,warm,9,20,0.5,0.2,proportion,0.01,45,45,190,506,0.02482423900000086
2,iterative,dual,cold,0,20,0.5,0.2,proportion,0.01,100,100,190,101,0.0019052870000031419
2,iterative,dual,cold,1,20,0.5,0.2,proportion,0.01,45,45,190,146,0.0007418880000003014
2,iterative,dual,cold,2,20,0.5,0.2,proportion,0.01,45,45,190,191,0.0022941519999974957
2,iterative,dual,cold,3,20,0.5,0.2,proportion,0.01,45,45,190,236,0.0029835130000002152
2,iterative,dual,cold,4,20,0.5,0.2,proportion,0.01,45,45,190,281,0.004355047000000667
2,iterative,dual,cold,5,20,0.5,0.2,proportion,0.01,45,45,190,326,0.00698784200000091
2,iterative,dual,cold,6,20,0.5,0.2,proportion,0.01,45,45,190,371,0.010132425000001888
2,iterative,dual,cold,7,20,0.5,0.2,proportion,0.01,45,45,190,416,0.02159861599999857
2,iterative,dual,cold,8,20,0.5,0.2,proportion,0.01,45,45,190,461,0.019044728999997318
2,iterative,dual,cold,9,20,0.5,0.2,proportion,0.01,45,45,190,506,0.009805646000000223
2,iterative,dual,cold,10,20,0.5,0.2,proportion,0.01,45,45,190,551,0.0008657109999994361
2,once,auto,cold,0,20,0.5,0.2,proportion,0.01,4560,4560,190,4561,0.1368550060000011
2,iterative,auto,warm,0,20,0.5,0.2,proportion,0.01,100,100,190,101,0.0020448369999996885
2,iterative,auto,warm,1,20,0.5,0.2,proportion,0.01,45,45,190,146,0.001984482000001009
2,iterative,auto,warm,2,20,0.5,0.2,proportion,0.01,45,45,190,191,0.003331956000000247
2,iterative,auto,warm,3,20,0.5,0.2,proportion,0.01,45,45,190,236,0.0057636270000003265
2,iterative,auto,warm,4,20,0.5,0.2,proportion,0.01,45,45,190,281,0.008078163000000416
2,iterative,auto,warm,5,20,0.5,0.2,proportion,0.01,45,45,190,326,0.011035343999999725
2,iterative,auto,warm,6,20,0.5,0.2,proportion,0.01,45,45,190,371,0.017749685999998377
2,iterative,auto,warm,7,20,0.5,0.2,proportion,0.01,45,45,190,416,0.02514255700000234
2,iterative,auto,warm,8,20,0.5,0.2,proportion,0.01,45,45,190,461,0.04010501900000207
2,iterative,auto,warm,9,20,0.5,0.2,proportion,0.01,45,45,190,506,0.029024946999999912
2,iterative,auto,warm,10,20,0.5,0.2,proportion,0.01,45,45,190,551,0.025927664000001016
2,iterative,auto,warm,11,20,0.5,0.2,proportion,0.01,45,45,190,596,0.028002050000001333
2,iterative,auto,warm,12,20,0.5,0.2,proportion,0.01,45,45,190,641,0.030319777000002546
2,iterative,auto,warm,13,20,0.5,0.2,proportion,0.01,45,45,190,686,0.034410729999997614
2,iterative,auto,warm,14,20,0.5,0.2,proportion,0.01,45,45,190,731,0.03516907699999905
2,iterative,auto,warm,15,20,0.5,0.2,proportion,0.01,45,45,190,776,0.032083956000001024
2,iterative,auto,cold,0,20,0.5,0.2,proportion,0.01,100,100,190,101,0.0019572980000006623
2,iterative,auto,cold,1,20,0.5,0.2,proportion,0.01,45,45,190,146,0.0008456769999973801
2,iterative,auto,cold,2,20,0.5,0.2,proportion,0.01,45,45,190,191,0.0020895630000019594
2,iterative,auto,cold,3,20,0.5,0.2,proportion,0.01,45,45,190,236,0.0027797960000022215
2,iterative,auto,cold,4,20,0.5,0.2,proportion,0.01,45,45,190,281,0.003825431999999296
2,iterative,auto,cold,5,20,0.5,0.2,proportion,0.01,45,45,190,326,0.0056879989999991665
2,iterative,auto,cold,6,20,0.5,0.2,proportion,0.01,45,45,190,371,0.010897614000000999
2,iterative,auto,cold,7,20,0.5,0.2,proportion,0.01,45,45,190,416,0.014397795999997243
2,iterative,auto,cold,8,20,0.5,0.2,proportion,0.01,45,45,190,461,0.024855798000000817
2,iterative,auto,cold,9,20,0.5,0.2,proportion,0.01,45,45,190,506,0.024715369999999126
2,iterative,auto,cold,10,20,0.5,0.2,proportion,0.01,45,45,190,551,0.007374357999999859
2,iterative,auto,cold,11,20,0.5,0.2,proportion,0.01,45,45,190,596,0.0009742310000007137
2,iterative,auto,cold,12,20,0.5,0.2,proportion,0.01,45,45,190,641,0.0009780939999970428
2,iterative,auto,cold,13,20,0.5,0.2,proportion,0.01,45,45,190,686,0.0010001349999981812
2,iterative,auto,cold,14,20,0.5,0.2,proportion,0.01,45,45,190,731,0.0010209319999994193
2,iterative,auto,cold,15,20,0.5,0.2,proportion,0.01,45,45,190,776,0.0010722869999995055
2,iterative,auto,cold,16,20,0.5,0.2,proportion,0.01,45,45,190,821,0.0010820110000011596
2,iterative,auto,cold,17,20,0.5,0.2,proportion,0.01,45,45,190,866,0.0010785880000021564
2,iterative,auto,cold,18,20,0.5,0.2,proportion,0.01,45,45,190,911,0.0011222369999970283
2,iterative,auto,cold,19,20,0.5,0.2,proportion,0.01,45,45,190,956,0.0011444770000004212
2,iterative,auto,cold,20,20,0.5,0.2,proportion,0.01,45,45,190,1001,0.001162042999997226
2,iterative,auto,cold,21,20,0.5,0.2,proportion,0.01,45,45,190,1046,0.001176352000001657
2,iterative,auto,cold,22,20,0.5,0.2,proportion,0.01,45,45,190,1091,0.0012017110000002162
2,iterative,auto,cold,23,20,0.5,0.2,proportion,0.01,45,45,190,1136,0.0012424279999976306
2,iterative,auto,cold,24,20,0.5,0.2,proportion,0.01,45,45,190,1181,0.0012519560000008312
2,iterative,auto,cold,25,20,0.5,0.2,proportion,0.01,45,41,190,1222,0.0012184190000006367
3,once,dual,cold,0,20,0.5,0.2,proportion,0.1,4560,4560,190,4561,0.17830319300000141
3,iterative,dual,warm,0,20,0.5,0.2,proportion,0.1,100,100,190,101,0.0019072750000006522
3,iterative,dual,warm,1,20,0.5,0.2,proportion,0.1,456,456,190,557,0.035056452999999266
3,iterative,dual,warm,2,20,0.5,0.2,proportion,0.1,456,456,190,1013,0.05246969399999912
3,iterative,dual,warm,3,20,0.5,0.2,proportion,0.1,456,11,190,1024,0.05467129599999865
3,iterative,dual,warm,4,20,0.5,0.2,proportion,0.1,456,12,190,1036,0.059977622999998204
3,iterative,dual,warm,5,20,0.5,0.2,proportion,0.1,456,4,190,1040,0.05729156700000004
3,iterative,dual,warm,6,20,0.5,0.2,proportion,0.1,456,2,190,1042,0.05584411999999972
3,iterative,dual,warm,7,20,0.5,0.2,proportion,0.1,456,1,190,1043,0.052655891000000565
3,iterative,dual,cold,0,20,0.5,0.2,proportion,0.1,100,100,190,101,0.0018147450000007836
3,iterative,dual,cold,1,20,0.5,0.2,proportion,0.1,456,456,190,557,0.03943522599999838
3,iterative,dual,cold,2,20,0.5,0.2,proportion,0.1,456,456,190,1013,0.04464693899999972
3,iterative,dual,cold,3,20,0.5,0.2,proportion,0.1,456,20,190,1033,0.001191924000000455
3,once,auto,cold,0,20,0.5,0.2,proportion,0.1,4560,4560,190,4561,0.176914459999999
3,iterative,auto,warm,0,20,0.5,0.2,proportion,0.1,100,100,190,101,0.0018702649999973175
3,iterative,auto,warm,1,20,0.5,0.2,proportion,0.1,456,456,190,557,0.035284958000001865
3,iterative,auto,warm,2,20,0.5,0.2,proportion,0.1,456,456,190,1013,0.05229520199999982
3,iterative,auto,warm,3,20,0.5,0.2,proportion,0.1,456,10,190,1023,0.055273642999999595
3,iterative,auto,warm,4,20,0.5,0.2,proportion,0.1,456,14,190,1037,0.05505091699999909
3,iterative,auto,warm,5,20,0.5,0.2,proportion,0.1,456,3,190,1040,0.05634789599999834
3,iterative,auto,warm,6,20,0.5,0.2,proportion,0.1,456,4,190,1044,0.061648640999997895
3,iterative,auto,warm,7,20,0.5,0.2,proportion,0.1,456,1,190,1045,0.057258155999999616
3,iterative,auto,warm,8,20,0.5,0.2,proportion,0.1,456,3,190,1048,0.06092236399999962
3,iterative,auto,cold,0,20,0.5,0.2,proportion,0.1,100,100,190,101,0.0017564860000014448
3,iterative,auto,cold,1,20,0.5,0.2,proportion,0.1,456,456,190,557,0.034849630000000076
3,iterative,auto,cold,2,20,0.5,0.2,proportion,0.1,456,456,190,1013,0.03287631699999949
3,iterative,auto,cold,3,20,0.5,0.2,proportion,0.1,456,14,190,1027,0.0012075379999991753
3,iterative,auto,cold,4,20,0.5,0.2,proportion,0.1,456,7,190,1034,0.0011828929999992965
4,once,dual,cold,0,20,0.8,0.1,proportion,0.01,4560,4560,190,4561,0.0343095610000006
4,iterative,dual,warm,0,20,0.8,0.1,proportion,0.01,100,100,190,101,0.0019808949999990944
4,iterative,dual,warm,1,20,0.8,0.1,proportion,0.01,45,45,190,146,0.002237636000000265
4,iterative,dual,warm,2,20,0.8,0.1,proportion,0.01,45,45,190,191,0.0030587689999990175
4,iterative,dual,warm,3,20,0.8,0.1,proportion,0.01,45,45,190,236,0.004060795000000894
4,iterative,dual,warm,4,20,0.8,0.1,proportion,0.01,45,45,190,281,0.005156279000001263
4,iterative,dual,warm,5,20,0.8,0.1,proportion,0.01,45,45,190,326,0.006272554000002373
4,iterative,dual,cold,0,20,0.8,0.1,proportion,0.01,100,100,190,101,0.0018326979999976345
4,iterative,dual,cold,1,20,0.8,0.1,proportion,0.01,45,45,190,146,0.0012790130000013278
4,iterative,dual,cold,2,20,0.8,0.1,proportion,0.01,45,45,190,191,0.0010943449999984978
4,iterative,dual,cold,3,20,0.8,0.1,proportion,0.01,45,45,190,236,0.0026567709999980593
4,iterative,dual,cold,4,20,0.8,0.1,proportion,0.01,45,45,190,281,0.0026328960000014945
4,iterative,dual,cold,5,20,0.8,0.1,proportion,0.01,45,45,190,326,0.004232236
4,iterative,dual,cold,6,20,0.8,0.1,proportion,0.01,45,45,190,371,0.000869486999999225
4,iterative,dual,cold,7,20,0.8,0.1,proportion,0.01,45,45,190,416,0.0005894760000018096
4,once,auto,cold,0,20,0.8,0.1,proportion,0.01,4560,4560,190,4561,0.033841998999999845
4,iterative,auto,warm,0,20,0.8,0.1,proportion,0.01,100,100,190,101,0.001963822000000448
4,iterative,auto,warm,1,20,0.8,0.1,proportion,0.01,45,45,190,146,0.0023010389999988945
4,iterative,auto,warm,2,20,0.8,0.1,proportion,0.01,45,45,190,191,0.002819657999999947
4,iterative,auto,warm,3,20,0.8,0.1,proportion,0.01,45,45,190,236,0.004398076999997613
4,iterative,auto,warm,4,20,0.8,0.1,proportion,0.01,45,45,190,281,0.0049031080000006
4,iterative,auto,warm,5,20,0.8,0.1,proportion,0.01,45,45,190,326,0.006801729999999395
4,iterative,auto,warm,6,20,0.8,0.1,proportion,0.01,45,45,190,371,0.0037090930000047706
4,iterative,auto,cold,0,20,0.8,0.1,proportion,0.01,100,100,190,101,0.0017111840000012535
4,iterative,auto,cold,1,20,0.8,0.1,proportion,0.01,45,45,190,146,0.0010348779999986846
4,iterative,auto,cold,2,20,0.8,0.1,proportion,0.01,45,45,190,191,0.0012687040000045613
4,iterative,auto,cold,3,20,0.8,0.1,proportion,0.01,45,45,190,236,0.001587831999998457
4,iterative,auto,cold,4,20,0.8,0.1,proportion,0.01,45,45,190,281,0.0029672599999983618
4,iterative,auto,cold,5,20,0.8,0.1,proportion,0.01,45,45,190,326,0.0020757819999985827
4,iterative,auto,cold,6,20,0.8,0.1,proportion,0.01,45,45,190,371,0.000714494000000343
5,once,dual,cold,0,20,0.8,0.1,proportion,0.1,4560,4560,190,4561,0.02226987899999955
5,iterative,dual,warm,0,20,0.8,0.1,proportion,0.1,100,100,190,101,0.0018046419999961927
5,iterative,dual,warm,1,20,0.8,0.1,proportion,0.1,456,366,190,467,0.003757652000004441
5,iterative,dual,warm,2,20,0.8,0.1,proportion,0.1,456,34,190,501,0.003684524000000522
5,iterative,dual,cold,0,20,0.8,0.1,proportion,0.1,100,100,190,101,0.0017621030000043447
5,iterative,dual,cold,1,20,0.8,0.1,proportion,0.1,456,394,190,495,0.0029001449999981332
5,once,auto,cold,0,20,0.8,0.1,proportion,0.1,4560,4560,190,4561,0.02214005800000507
5,iterative,auto,warm,0,20,0.8,0.1,proportion,0.1,100,100,190,101,0.0017710390000047482
5,iterative,auto,warm,1,20,0.8,0.1,proportion,0.1,456,410,190,511,0.008401906999999653
5,iterative,auto,warm,2,20,0.8,0.1,proportion,0.1,456,161,190,672,0.004058112999999253
5,iterative,auto,cold,0,20,0.8,0.1,proportion,0.1,100,100,190,101,0.0018065559999982383
5,iterative,auto,cold,1,20,0.8,0.1,proportion,0.1,456,418,190,519,0.008737378999995826
5,iterative,auto,cold,2,20,0.8,0.1,proportion,0.1,456,84,190,603,0.001491954999998768
6,once,dual,cold,0,20,0.8,0.2,proportion,0.01,4560,4560,190,4561,0.030561158000004696
6,iterative,dual,warm,0,20,0.8,0.2,proportion,0.01,100,100,190,101,0.001970301000000063
6,iterative,dual,warm,1,20,0.8,0.2,proportion,0.01,45,45,190,146,0.001836584999999502
6,iterative,dual,warm,2,20,0.8,0.2,proportion,0.01,45,45,190,191,0.002881817000002229
6,iterative,dual,warm,3,20,0.8,0.2,proportion,0.01,45,45,190,236,0.0037621549999968806
6,iterative,dual,warm,4,20,0.8,0.2,proportion,0.01,45,45,190,281,0.004311933000003876
6,iterative,dual,warm,5,20,0.8,0.2,proportion,0.01,45,45,190,326,0.007440553999998656
6,iterative,dual,warm,6,20,0.8,0.2,proportion,0.01,45,45,190,371,0.008135834000000841
6,iterative,dual,warm,7,20,0.8,0.2,proportion,0.01,45,45,190,416,0.011573358000006806
6,iterative,dual,warm,8,20,0.8,0.2,proportion,0.01,45,45,190,461,0.010525549999996997
6,iterative,dual,cold,0,20,0.8,0.2,proportion,0.01,100,100,190,101,0.001864783000002035
6,iterative,dual,cold,1,20,0.8,0.2,proportion,0.01,45,45,190,146,0.0006546039999975051
6,iterative,dual,cold,2,20,0.8,0.2,proportion,0.01,45,45,190,191,0.0011835339999990424
6,iterative,dual,cold,3,20,0.8,0.2,proportion,0.01,45,45,190,236,0.0012983199999965223
6,iterative,dual,cold,4,20,0.8,0.2,proportion,0.01,45,45,190,281,0.003928715000000693
6,iterative,dual,cold,5,20,0.8,0.2,proportion,0.01,45,45,190,326,0.007304742999998837
6,iterative,dual,cold,6,20,0.8,0.2,proportion,0.01,45,45,190,371,0.0022071739999987017
6,once,auto,cold,0,20,0.8,0.2,proportion,0.01,4560,4560,190,4561,0.0303634239999937
6,iterative,auto,warm,0,20,0.8,0.2,proportion,0.01,100,100,190,101,0.0018294030000021166
6,iterative,auto,warm,1,20,0.8,0.2,proportion,0.01,45,45,190,146,0.0022043190000005097
6,iterative,auto,warm,2,20,0.8,0.2,proportion,0.01,45,45,190,191,0.0026911439999963704
6,iterative,auto,warm,3,20,0.8,0.2,proportion,0.01,45,45,190,236,0.003922057000004031
6,iterative,auto,warm,4,20,0.8,0.2,proportion,0.01,45,45,190,281,0.0045265309999962255
6,iterative,auto,warm,5,20,0.8,0.2,proportion,0.01,45,45,190,326,0.006649610000003747
6,iterative,auto,warm,6,20,0.8,0.2,proportion,0.01,45,45,190,371,0.012121823999997616
6,iterative,auto,warm,7,20,0.8,0.2,proportion,0.01,45,45,190,416,0.006862335000000996
6,iterative,auto,cold,0,20,0.8,0.2,proportion,0.01,100,100,190,101,0.0018022430000002032
6,iterative,auto,cold,1,20,0.8,0.2,proportion,0.01,45,45,190,146,0.0010950059999998984
6,iterative,auto,cold,2,20,0.8,0.2,proportion,0.01,45,45,190,191,0.0014685429999943267
6,iterative,auto,cold,3,20,0.8,0.2,proportion,0.01,45,45,190,236,0.0013773940000021412
6,iterative,auto,cold,4,20,0.8,0.2,proportion,0.01,45,45,190,281,0.0032678609999976516
6,iterative,auto,cold,5,20,0.8,0.2,proportion,0.01,45,45,190,326,0.009549518999996565
6,iterative,auto,cold,6,20,0.8,0.2,proportion,0.01,45,45,190,371,0.005292513999997084
6,iterative,auto,cold,7,20,0.8,0.2,proportion,0.01,45,45,190,416,0.001083848000000387
7,once,dual,cold,0,20,0.8,0.2,proportion,0.1,4560,4560,190,4561,0.035497597999999186
7,iterative,dual,warm,0,20,0.8,0.2,proportion,0.1,100,100,190,101,0.0018612860000004616
7,iterative,dual,warm,1,20,0.8,0.2,proportion,0.1,456,430,190,531,0.0035948999999959597
7,iterative,dual,cold,0,20,0.8,0.2,proportion,0.1,100,100,190,101,0.0018245930000020394
7,iterative,dual,cold,1,20,0.8,0.2,proportion,0.1,456,330,190,431,0.0018556449999991287
7,once,auto,cold,0,20,0.8,0.2,proportion,0.1,4560,4560,190,4561,0.03534183800000079
7,iterative,auto,warm,0,20,0.8,0.2,proportion,0.1,100,100,190,101,0.002029243999999153
7,iterative,auto,warm,1,20,0.8,0.2,proportion,0.1,456,390,190,491,0.003316767000001164
7,iterative,auto,warm,2,20,0.8,0.2,proportion,0.1,456,34,190,525,0.003386535000004187
7,iterative,auto,cold,0,20,0.8,0.2,proportion,0.1,100,100,190,101,0.0020244100000041954
7,iterative,auto,cold,1,20,0.8,0.2,proportion,0.1,456,416,190,517,0.002752790999998922
7,iterative,auto,cold,2,20,0.8,0.2,proportion,0.1,456,34,190,551,0.0008488870000036286
8,once,dual,cold,0,20,0.5,0.1,proportion,0.01,4560,4560,190,4561,0.045285376000002486
8,iterative,dual,warm,0,20,0.5,0.1,proportion,0.01,100,100,190,101,0.0018840210000021784
8,iterative,dual,warm,1,20,0.5,0.1,proportion,0.01,45,45,190,146,0.0018760430000028805
8,iterative,dual,warm,2,20,0.5,0.1,proportion,0.01,45,45,190,191,0.0036250300000020275
8,iterative,dual,warm,3,20,0.5,0.1,proportion,0.01,45,45,190,236,0.0038334039999980973
8,iterative,dual,warm,4,20,0.5,0.1,proportion,0.01,45,45,190,281,0.005401390000002948
8,iterative,dual,warm,5,20,0.5,0.1,proportion,0.01,45,45,190,326,0.009311463999999603
8,iterative,dual,warm,6,20,0.5,0.1,proportion,0.01,45,45,190,371,0.010423019999997507
8,iterative,dual,warm,7,20,0.5,0.1,proportion,0.01,45,45,190,416,0.010230002000000127
8,iterative,dual,cold,0,20,0.5,0.1,proportion,0.01,100,100,190,101,0.0019629759999943985
8,iterative,dual,cold,1,20,0.5,0.1,proportion,0.01,45,45,190,146,0.0008999670000022775
8,iterative,dual,cold,2,20,0.5,0.1,proportion,0.01,45,45,190,191,0.001895175999997889
8,iterative,dual,cold,3,20,0.5,0.1,proportion,0.01,45,45,190,236,0.0013024699999988343
8,iterative,dual,cold,4,20,0.5,0.1,proportion,0.01,45,45,190,281,0.002214213999998549
8,iterative,dual,cold,5,20,0.5,0.1,proportion,0.01,45,45,190,326,0.0021717260000002625
8,iterative,dual,cold,6,20,0.5,0.1,proportion,0.01,45,45,190,371,0.006719267000001139
8,iterative,dual,cold,7,20,0.5,0.1,proportion,0.01,45,45,190,416,0.011460241000001758
8,iterative,dual,cold,8,20,0.5,0.1,proportion,0.01,45,45,190,461,0.0012521040000024186
8,once,auto,cold,0,20,0.5,0.1,proportion,0.01,4560,4560,190,4561,0.045302804000002084
8,iterative,auto,warm,0,20,0.5,0.1,proportion,0.01,100,100,190,101,0.0017851960000001554
8,iterative,auto,warm,1,20,0.5,0.1,proportion,0.01,45,45,190,146,0.0017830840000030435
8,iterative,auto,warm,2,20,0.5,0.1,proportion,0.01,45,45,190,191,0.003590078999998525
8,iterative,auto,warm,3,20,0.5,0.1,proportion,0.01,45,45,190,236,0.004918632999995509
8,iterative,auto,warm,4,20,0.5,0.1,proportion,0.01,45,45,190,281,0.006157865000005813
8,iterative,auto,warm,5,20,0.5,0.1,proportion,0.01,45,45,190,326,0.007570764999996982
8,iterative,auto,warm,6,20,0.5,0.1,proportion,0.01,45,45,190,371,0.010413034999999127
8,iterative,auto,warm,7,20,0.5,0.1,proportion,0.01,45,45,190,416,0.009703402999996058
8,iterative,auto,cold,0,20,0.5,0.1,proportion,0.01,100,100,190,101,0.001799141999995868
8,iterative,auto,cold,1,20,0.5,0.1,proportion,0.01,45,45,190,146,0.0009194689999958428
8,iterative,auto,cold,2,20,0.5,0.1,proportion,0.01,45,45,190,191,0.0016021209999976804
8,iterative,auto,cold,3,20,0.5,0.1,proportion,0.01,45,45,190,236,0.003175205999994546
8,iterative,auto,cold,4,20,0.5,0.1,proportion,0.01,45,45,190,281,0.001832849999999553
8,iterative,auto,cold,5,20,0.5,0.1,proportion,0.01,45,45,190,326,0.006863283999997805
8,iterative,auto,cold,6,20,0.5,0.1,proportion,0.01,45,45,190,371,0.003233391999998503
8,iterative,auto,cold,7,20,0.5,0.1,proportion,0.01,45,18,190,389,0.0011529370000005201
8,iterative,auto,cold,8,20,0.5,0.1,proportion,0.01,45,45,190,434,0.0006609419999961119
8,iterative,auto,cold,9,20,0.5,0.1,proportion,0.01,45,45,190,479,0.0006888400000022443
8,iterative,auto,cold,10,20,0.5,0.1,proportion,0.01,45,23,190,502,0.000658710000003282
9,once,dual,cold,0,20,0.5,0.1,proportion,0.1,4560,4560,190,4561,0.19323840300000228
9,iterative,dual,warm,0,20,0.5,0.1,proportion,0.1,100,100,190,101,0.0018396319999993693
9,iterative,dual,warm,1,20,0.5,0.1,proportion,0.1,456,456,190,557,0.018009630000001664
9,iterative,dual,warm,2,20,0.5,0.1,proportion,0.1,456,456,190,1013,0.06465050699999608
9,iterative,dual,warm,3,20,0.5,0.1,proportion,0.1,456,456,190,1469,0.08678485699999783
9,iterative,dual,warm,4,20,0.5,0.1,proportion,0.1,456,64,190,1533,0.08095317800000146
9,iterative,dual,warm,5,20,0.5,0.1,proportion,0.1,456,15,190,1548,0.08224642900000134
9,iterative,dual,warm,6,20,0.5,0.1,proportion,0.1,456,36,190,1584,0.08227095699999865
9,iterative,dual,warm,7,20,0.5,0.1,proportion,0.1,456,9,190,1593,0.0636655169999969
9,iterative,dual,warm,8,20,0.5,0.1,proportion,0.1,456,7,190,1600,0.08205832600000207
9,iterative,dual,warm,9,20,0.5,0.1,proportion,0.1,456,1,190,1601,0.07359352699999988
9,iterative,dual,cold,0,20,0.5,0.1,proportion,0.1,100,100,190,101,0.0018577360000051613
9,iterative,dual,cold,1,20,0.5,0.1,proportion,0.1,456,456,190,557,0.022766797000002725
9,iterative,dual,cold,2,20,0.5,0.1,proportion,0.1,456,250,190,807,0.0330458409999963
9,iterative,dual,cold,3,20,0.5,0.1,proportion,0.1,456,34,190,841,0.014514254000005167
9,iterative,dual,cold,4,20,0.5,0.1,proportion,0.1,456,341,190,1182,0.019138377000004425
9,iterative,dual,cold,5,20,0.5,0.1,proportion,0.1,456,24,190,1206,0.0012443500000003382
9,once,auto,cold,0,20,0.5,0.1,proportion,0.1,4560,4560,190,4561,0.19406176700000088
9,iterative,auto,warm,0,20,0.5,0.1,proportion,0.1,100,100,190,101,0.0019451880000005417
9,iterative,auto,warm,1,20,0.5,0.1,proportion,0.1,456,456,190,557,0.01410128399999877
9,iterative,auto,warm,2,20,0.5,0.1,proportion,0.1,456,456,190,1013,0.06718875700000382
9,iterative,auto,warm,3,20,0.5,0.1,proportion,0.1,456,62,190,1075,0.06252441500000572
9,iterative,auto,warm,4,20,0.5,0.1,proportion,0.1,456,33,190,1108,0.05870927000000137
9,iterative,auto,warm,5,20,0.5,0.1,proportion,0.1,456,24,190,1132,0.06042290699999597
9,iterative,auto,warm,6,20,0.5,0.1,proportion,0.1,456,4,190,1136,0.06045229400000096
9,iterative,auto,warm,7,20,0.5,0.1,proportion,0.1,456,5,190,1141,0.06506884800000279
9,iterative,auto,warm,8,20,0.5,0.1,proportion,0.1,456,2,190,1143,0.0604390259999974
9,iterative,auto,warm,9,20,0.5,0.1,proportion,0.1,456,2,190,1145,0.061357538000002876
9,iterative,auto,warm,10,20,0.5,0.1,proportion,0.1,456,1,190,1146,0.06321764300000154
9,iterative,auto,warm,11,20,0.5,0.1,proportion,0.1,456,2,190,1148,0.06695661799999897
9,iterative,auto,warm,12,20,0.5,0.1,proportion,0.1,456,1,190,1149,0.060915003000005186
9,iterative,auto,warm,13,20,0.5,0.1,proportion,0.1,456,14,190,1163,0.061863520999999366
9,iterative,auto,cold,0,20,0.5,0.1,proportion,0.1,100,100,190,101,0.0017653099999961341
9,iterative,auto,cold,1,20,0.5,0.1,proportion,0.1,456,456,190,557,0.01699885799999379
9,iterative,auto,cold,2,20,0.5,0.1,proportion,0.1,456,456,190,1013,0.06441355399999793
9,iterative,auto,cold,3,20,0.5,0.1,proportion,0.1,456,99,190,1112,0.006093449999994505
9,iterative,auto,cold,4,20,0.5,0.1,proportion,0.1,456,19,190,1131,0.001234808999996062
9,iterative,auto,cold,5,20,0.5,0.1,proportion,0.1,456,22,190,1153,0.0012068749999940565
10,once,dual,cold,0,20,0.5,0.2,proportion,0.01,4560,4560,190,4561,0.05683034799999831
10,iterative,dual,warm,0,20,0.5,0.2,proportion,0.01,100,100,190,101,0.001996670999993455
10,iterative,dual,warm,1,20,0.5,0.2,proportion,0.01,45,45,190,146,0.0020879399999955695
10,iterative,dual,warm,2,20,0.5,0.2,proportion,0.01,45,45,190,191,0.003763702000000535
10,iterative,dual,warm,3,20,0.5,0.2,proportion,0.01,45,45,190,236,0.004145161000003839
10,iterative,dual,warm,4,20,0.5,0.2,proportion,0.01,45,45,190,281,0.005009069999999838
10,iterative,dual,warm,5,20,0.5,0.2,proportion,0.01,45,45,190,326,0.011446691999999814
10,iterative,dual,warm,6,20,0.5,0.2,proportion,0.01,45,45,190,371,0.015294828000001814
10,iterative,dual,warm,7,20,0.5,0.2,proportion,0.01,45,45,190,416,0.018163831999999047
10,iterative,dual,cold,0,20,0.5,0.2,proportion,0.01,100,100,190,101,0.0018050979999983952
10,iterative,dual,cold,1,20,0.5,0.2,proportion,0.01,45,45,190,146,0.0012349069999970652
10,iterative,dual,cold,2,20,0.5,0.2,proportion,0.01,45,45,190,191,0.002139929999998458
10,iterative,dual,cold,3,20,0.5,0.2,proportion,0.01,45,45,190,236,0.004433523999999522
10,iterative,dual,cold,4,20,0.5,0.2,proportion,0.01,45,45,190,281,0.0040281919999998195
10,iterative,dual,cold,5,20,0.5,0.2,proportion,0.01,45,45,190,326,0.0052337340000008226
10,iterative,dual,cold,6,20,0.5,0.2,proportion,0.01,45,45,190,371,0.0065563429999997425
10,iterative,dual,cold,7,20,0.5,0.2,proportion,0.01,45,45,190,416,0.012300451000001544
10,iterative,dual,cold,8,20,0.5,0.2,proportion,0.01,45,45,190,461,0.00927608100000299
10,iterative,dual,cold,9,20,0.5,0.2,proportion,0.01,45,45,190,506,0.0032428040000027636
10,once,auto,cold,0,20,0.5,0.2,proportion,0.01,4560,4560,190,4561,0.056691864000001146
10,iterative,auto,warm,0,20,0.5,0.2,proportion,0.01,100,100,190,101,0.0018952149999975632
10,iterative,auto,warm,1,20,0.5,0.2,proportion,0.01,45,45,190,146,0.0018752829999968412
10,iterative,auto,warm,2,20,0.5,0.2,proportion,0.01,45,45,190,191,0.003389423000001557
10,iterative,auto,warm,3,20,0.5,0.2,proportion,0.01,45,45,190,236,0.0037835979999982783
10,iterative,auto,warm,4,20,0.5,0.2,proportion,0.01,45,45,190,281,0.004634206000005747
10,iterative,auto,warm,5,20,0.5,0.2,proportion,0.01,45,45,190,326,0.007892720000000963
10,iterative,auto,warm,6,20,0.5,0.2,proportion,0.01,45,45,190,371,0.013247263999993208
10,iterative,auto,warm,7,20,0.5,0.2,proportion,0.01,45,45,190,416,0.01920989500000303
10,iterative,auto,warm,8,20,0.5,0.2,proportion,0.01,45,45,190,461,0.01661438000000004
10,iterative,auto,warm,9,20,0.5,0.2,proportion,0.01,45,45,190,506,0.016155173000001355
10,iterative,auto,warm,10,20,0.5,0.2,proportion,0.01,45,45,190,551,0.019143020000001343
10,iterative,auto,cold,0,20,0.5,0.2,proportion,0.01,100,100,190,101,0.0018619490000020278
10,iterative,auto,cold,1,20,0.5,0.2,proportion,0.01,45,45,190,146,0.0008894059999988713
10,iterative,auto,cold,2,20,0.5,0.2,proportion,0.01,45,45,190,191,0.0024468809999973473
10,iterative,auto,cold,3,20,0.5,0.2,proportion,0.01,45,45,190,236,0.002742951000001881
10,iterative,auto,cold,4,20,0.5,0.2,proportion,0.01,45,45,190,281,0.0022379629999988992
10,iterative,auto,cold,5,20,0.5,0.2,proportion,0.01,45,45,190,326,0.005506415999995795
10,iterative,auto,cold,6,20,0.5,0.2,proportion,0.01,45,45,190,371,0.0076916960000019685
10,iterative,auto,cold,7,20,0.5,0.2,proportion,0.01,45,45,190,416,0.015014200999999616
10,iterative,auto,cold,8,20,0.5,0.2,proportion,0.01,45,45,190,461,0.0029170230000019615
11,once,dual,cold,0,20,0.5,0.2,proportion,0.1,4560,4560,190,4561,0.17007468299999573
11,iterative,dual,warm,0,20,0.5,0.2,proportion,0.1,100,100,190,101,0.0019422239999968838
11,iterative,dual,warm,1,20,0.5,0.2,proportion,0.1,456,456,190,557,0.028737971999994727
11,iterative,dual,warm,2,20,0.5,0.2,proportion,0.1,456,456,190,1013,0.042406020000001377
11,iterative,dual,warm,3,20,0.5,0.2,proportion,0.1,456,361,190,1374,0.05225160399999851
11,iterative,dual,warm,4,20,0.5,0.2,proportion,0.1,456,456,190,1830,0.06664091400000416
11,iterative,dual,cold,0,20,0.5,0.2,proportion,0.1,100,100,190,101,0.001840233000002911
11,iterative,dual,cold,1,20,0.5,0.2,proportion,0.1,456,456,190,557,0.020912684999998987
11,iterative,dual,cold,2,20,0.5,0.2,proportion,0.1,456,252,190,809,0.03462480800000378
11,iterative,dual,cold,3,20,0.5,0.2,proportion,0.1,456,456,190,1265,0.0016922980000018129
11,iterative,dual,cold,4,20,0.5,0.2,proportion,0.1,456,362,190,1627,0.0017260440000015365
11,once,auto,cold,0,20,0.5,0.2,proportion,0.1,4560,4560,190,4561,0.1697190669999955
11,iterative,auto,warm,0,20,0.5,0.2,proportion,0.1,100,100,190,101,0.0019374250000012694
11,iterative,auto,warm,1,20,0.5,0.2,proportion,0.1,456,456,190,557,0.034146939000002874
11,iterative,auto,warm,2,20,0.5,0.2,proportion,0.1,456,456,190,1013,0.037924680000003264
11,iterative,auto,cold,0,20,0.5,0.2,proportion,0.1,100,100,190,101,0.0018363100000016175
11,iterative,auto,cold,1,20,0.5,0.2,proportion,0.1,456,456,190,557,0.02846543899999432
11,iterative,auto,cold,2,20,0.5,0.2,proportion,0.1,456,456,190,1013,0.02535410800000193
12,once,dual,cold,0,20,0.8,0.1,proportion,0.01,4560,4560,190,4561,0.02994422800000507
12,iterative,dual,warm,0,20,0.8,0.1,proportion,0.01,100,100,190,101,0.0018272920000015347
12,iterative,dual,warm,1,20,0.8,0.1,proportion,0.01,45,45,190,146,0.0022593240000006176
12,iterative,dual,warm,2,20,0.8,0.1,proportion,0.01,45,45,190,191,0.003400736999999765
12,iterative,dual,warm,3,20,0.8,0.1,proportion,0.01,45,45,190,236,0.004010526999998376
12,iterative,dual,warm,4,20,0.8,0.1,proportion,0.01,45,45,190,281,0.00626558799999799
12,iterative,dual,warm,5,20,0.8,0.1,proportion,0.01,45,45,190,326,0.008479750999995872
12,iterative,dual,cold,0,20,0.8,0.1,proportion,0.01,100,100,190,101,0.0017860620000007543
12,iterative,dual,cold,1,20,0.8,0.1,proportion,0.01,45,45,190,146,0.001331997999997725
12,iterative,dual,cold,2,20,0.8,0.1,proportion,0.01,45,45,190,191,0.002153983999996001
12,iterative,dual,cold,3,20,0.8,0.1,proportion,0.01,45,45,190,236,0.0034586330000010435
12,iterative,dual,cold,4,20,0.8,0.1,proportion,0.01,45,45,190,281,0.004862776000003066
12,iterative,dual,cold,5,20,0.8,0.1,proportion,0.01,45,45,190,326,0.001402075000001446
12,iterative,dual,cold,6,20,0.8,0.1,proportion,0.01,45,45,190,371,0.0006039599999994039
12,iterative,dual,cold,7,20,0.8,0.1,proportion,0.01,45,45,190,416,0.0006181469999972933
12,iterative,dual,cold,8,20,0.8,0.1,proportion,0.01,45,45,190,461,0.0006403529999943203
12,iterative,dual,cold,9,20,0.8,0.1,proportion,0.01,45,45,190,506,0.0006742349999981911
12,iterative,dual,cold,10,20,0.8,0.1,proportion,0.01,45,45,190,551,0.0006865339999961861
12,iterative,dual,cold,11,20,0.8,0.1,proportion,0.01,45,45,190,596,0.0007200350000005074
12,iterative,dual,cold,12,20,0.8,0.1,proportion,0.01,45,45,190,641,0.0007417859999989673
12,iterative,dual,cold,13,20,0.8,0.1,proportion,0.01,45,16,190,657,0.0007231210000000488
12,once,auto,cold,0,20,0.8,0.1,proportion,0.01,4560,4560,190,4561,0.029892083000000014
12,iterative,auto,warm,0,20,0.8,0.1,proportion,0.01,100,100,190,101,0.0018287360000002195
12,iterative,auto,warm,1,20,0.8,0.1,proportion,0.01,45,45,190,146,0.0023246869999979936
12,iterative,auto,warm,2,20,0.8,0.1,proportion,0.01,45,45,190,191,0.0032569130000013047
12,iterative,auto,warm,3,20,0.8,0.1,proportion,0.01,45,45,190,236,0.005410419000000388
12,iterative,auto,warm,4,20,0.8,0.1,proportion,0.01,45,45,190,281,0.008435216999998829
12,iterative,auto,warm,5,20,0.8,0.1,proportion,0.01,45,45,190,326,0.006439720000003035
12,iterative,auto,cold,0,20,0.8,0.1,proportion,0.01,100,100,190,101,0.001957703999998728
12,iterative,auto,cold,1,20,0.8,0.1,proportion,0.01,45,45,190,146,0.0010483780000001275
12,iterative,auto,cold,2,20,0.8,0.1,proportion,0.01,45,45,190,191,0.0012787969999976667
12,iterative,auto,cold,3,20,0.8,0.1,proportion,0.01,45,45,190,236,0.0026391839999959643
12,iterative,auto,cold,4,20,0.8,0.1,proportion,0.01,45,45,190,281,0.0007948399999975209
13,once,dual,cold,0,20,0.8,0.1,proportion,0.1,4560,4560,190,4561,0.02814973499999951
13,iterative,dual,warm,0,20,0.8,0.1,proportion,0.1,100,100,190,101,0.0018867710000023408
13,iterative,dual,warm,1,20,0.8,0.1,proportion,0.1,456,346,190,447,0.003177843999999652
13,iterative,dual,cold,0,20,0.8,0.1,proportion,0.1,100,100,190,101,0.0017506419999975265
13,iterative,dual,cold,1,20,0.8,0.1,proportion,0.1,456,304,190,405,0.004780900000000088
13,iterative,dual,cold,2,20,0.8,0.1,proportion,0.1,456,368,190,773,0.0014613580000002457
13,once,auto,cold,0,20,0.8,0.1,proportion,0.1,4560,4560,190,4561,0.027935884999997995
13,iterative,auto,warm,0,20,0.8,0.1,proportion,0.1,100,100,190,101,0.0018021449999992
13,iterative,auto,warm,1,20,0.8,0.1,proportion,0.1,456,362,190,463,0.0031762730000011175
13,iterative,auto,warm,2,20,0.8,0.1,proportion,0.1,456,17,190,480,0.0028198939999981576
13,iterative,auto,cold,0,20,0.8,0.1,proportion,0.1,100,100,190,101,0.0017138320000000817
13,iterative,auto,cold,1,20,0.8,0.1,proportion,0.1,456,344,190,445,0.004252069999999719
13,iterative,auto,cold,2,20,0.8,0.1,proportion,0.1,456,293,190,738,0.0012276949999971976
14,once,dual,cold,0,20,0.8,0.2,proportion,0.01,4560,4560,190,4561,0.024431483000000753
14,iterative,dual,warm,0,20,0.8,0.2,proportion,0.01,100,100,190,101,0.0015515239999999153
14,iterative,dual,warm,1,20,0.8,0.2,proportion,0.01,45,45,190,146,0.0023102530000045363
14,iterative,dual,warm,2,20,0.8,0.2,proportion,0.01,45,45,190,191,0.0025853980000007937
14,iterative,dual,warm,3,20,0.8,0.2,proportion,0.01,45,45,190,236,0.0047548669999954996
14,iterative,dual,warm,4,20,0.8,0.2,proportion,0.01,45,45,190,281,0.0065167740000049434
14,iterative,dual,warm,5,20,0.8,0.2,proportion,0.01,45,45,190,326,0.004357747000000245
14,iterative,dual,cold,0,20,0.8,0.2,proportion,0.01,100,100,190,101,0.0014688159999991512
14,iterative,dual,cold,1,20,0.8,0.2,proportion,0.01,45,45,190,146,0.0013037429999940287
14,iterative,dual,cold,2,20,0.8,0.2,proportion,0.01,45,45,190,191,0.0014629440000035743
14,iterative,dual,cold,3,20,0.8,0.2,proportion,0.01,45,45,190,236,0.004835319999997978
14,iterative,dual,cold,4,20,0.8,0.2,proportion,0.01,45,45,190,281,0.0011025949999989848
14,iterative,dual,cold,5,20,0.8,0.2,proportion,0.01,45,18,190,299,0.0005266860000006091
14,once,auto,cold,0,20,0.8,0.2,proportion,0.01,4560,4560,190,4561,0.02474088200000324
14,iterative,auto,warm,0,20,0.8,0.2,proportion,0.01,100,100,190,101,0.0015751910000005864
14,iterative,auto,warm,1,20,0.8,0.2,proportion,0.01,45,45,190,146,0.0019213439999958837
14,iterative,auto,warm,2,20,0.8,0.2,proportion,0.01,45,45,190,191,0.0032794060000043146
14,iterative,auto,warm,3,20,0.8,0.2,proportion,0.01,45,45,190,236,0.005130965999995851
14,iterative,auto,warm,4,20,0.8,0.2,proportion,0.01,45,45,190,281,0.00750070300000516
14,iterative,auto,warm,5,20,0.8,0.2,proportion,0.01,45,45,190,326,0.004464176999995573
14,iterative,auto,warm,6,20,0.8,0.2,proportion,0.01,45,45,190,371,0.004957513000000802
14,iterative,auto,warm,7,20,0.8,0.2,proportion,0.01,45,45,190,416,0.004588683999998011
14,iterative,auto,cold,0,20,0.8,0.2,proportion,0.01,100,100,190,101,0.001436957999999322
14,iterative,auto,cold,1,20,0.8,0.2,proportion,0.01,45,45,190,146,0.0009150600000040754
14,iterative,auto,cold,2,20,0.8,0.2,proportion,0.01,45,45,190,191,0.0009426399999981072
14,iterative,auto,cold,3,20,0.8,0.2,proportion,0.01,45,45,190,236,0.004257430999999201
14,iterative,auto,cold,4,20,0.8,0.2,proportion,0.01,45,45,190,281,0.0014352520000002755
15,once,dual,cold,0,20,0.8,0.2,proportion,0.1,4560,4560,190,4561,0.022125908999996113
15,iterative,dual,warm,0,20,0.8,0.2,proportion,0.1,100,100,190,101,0.0020510000000015793
15,iterative,dual,warm,1,20,0.8,0.2,proportion,0.1,456,432,190,533,0.003947727999999984
15,iterative,dual,warm,2,20,0.8,0.2,proportion,0.1,456,34,190,567,0.003496903999995027
15,iterative,dual,cold,0,20,0.8,0.2,proportion,0.1,100,100,190,101,0.001825424999999825
15,iterative,dual,cold,1,20,0.8,0.2,proportion,0.1,456,436,190,537,0.004592101999996601
15,once,auto,cold,0,20,0.8,0.2,proportion,0.1,4560,4560,190,4561,0.02190183799999801
15,iterative,auto,warm,0,20,0.8,0.2,proportion,0.1,100,100,190,101,0.0018134930000002214
15,iterative,auto,warm,1,20,0.8,0.2,proportion,0.1,456,424,190,525,0.004287899999994238
15,iterative,auto,cold,0,20,0.8,0.2,proportion,0.1,100,100,190,101,0.0017362080000040692
15,iterative,auto,cold,1,20,0.8,0.2,proportion,0.1,456,438,190,539,0.002619703000000584
16,once,dual,cold,0,20,0.5,0.1,proportion,0.01,4560,4560,190,4561,0.043447138999994195
16,iterative,dual,warm,0,20,0.5,0.1,proportion,0.01,100,100,190,101,0.0019065900000043712
16,iterative,dual,warm,1,20,0.5,0.1,proportion,0.01,45,45,190,146,0.0018053639999919824
16,iterative,dual,warm,2,20,0.5,0.1,proportion,0.01,45,45,190,191,0.0032772109999967824
16,iterative,dual,warm,3,20,0.5,0.1,proportion,0.01,45,45,190,236,0.00432448200000124
16,iterative,dual,warm,4,20,0.5,0.1,proportion,0.01,45,45,190,281,0.007010707999995702
16,iterative,dual,warm,5,20,0.5,0.1,proportion,0.01,45,45,190,326,0.010222447999993278
16,iterative,dual,warm,6,20,0.5,0.1,proportion,0.01,45,45,190,371,0.01037954999999613
16,iterative,dual,warm,7,20,0.5,0.1,proportion,0.01,45,45,190,416,0.005281804999995643
16,iterative,dual,cold,0,20,0.5,0.1,proportion,0.01,100,100,190,101,0.0019264059999954952
16,iterative,dual,cold,1,20,0.5,0.1,proportion,0.01,45,45,190,146,0.0009267310000069529
16,iterative,dual,cold,2,20,0.5,0.1,proportion,0.01,45,45,190,191,0.0015414639999988822
16,iterative,dual,cold,3,20,0.5,0.1,proportion,0.01,45,45,190,236,0.0022395369999941295
16,iterative,dual,cold,4,20,0.5,0.1,proportion,0.01,45,45,190,281,0.0025255629999918483
16,iterative,dual,cold,5,20,0.5,0.1,proportion,0.01,45,45,190,326,0.0051971509999901855
16,iterative,dual,cold,6,20,0.5,0.1,proportion,0.01,45,45,190,371,0.006567004999993742
16,iterative,dual,cold,7,20,0.5,0.1,proportion,0.01,45,45,190,416,0.00453942100000404
16,iterative,dual,cold,8,20,0.5,0.1,proportion,0.01,45,45,190,461,0.001053566999999589
16,once,auto,cold,0,20,0.5,0.1,proportion,0.01,4560,4560,190,4561,0.04344161099999155
16,iterative,auto,warm,0,20,0.5,0.1,proportion,0.01,100,100,190,101,0.0019003099999963524
16,iterative,auto,warm,1,20,0.5,0.1,proportion,0.01,45,45,190,146,0.00180261299999529
16,iterative,auto,warm,2,20,0.5,0.1,proportion,0.01,45,45,190,191,0.0023278559999937443
16,iterative,auto,warm,3,20,0.5,0.1,proportion,0.01,45,45,190,236,0.003747693000008212
16,iterative,auto,warm,4,20,0.5,0.1,proportion,0.01,45,45,190,281,0.004637752999997247
16,iterative,auto,warm,5,20,0.5,0.1,proportion,0.01,45,45,190,326,0.008187431000010292
16,iterative,auto,warm,6,20,0.5,0.1,proportion,0.01,45,45,190,371,0.012201719000003663
16,iterative,auto,warm,7,20,0.5,0.1,proportion,0.01,45,45,190,416,0.008597953000005987
16,iterative,auto,warm,8,20,0.5,0.1,proportion,0.01,45,45,190,461,0.010317634000003295
16,iterative,auto,cold,0,20,0.5,0.1,proportion,0.01,100,100,190,101,0.0019444290000052433
16,iterative,auto,cold,1,20,0.5,0.1,proportion,0.01,45,45,190,146,0.0009038139999972827
16,iterative,auto,cold,2,20,0.5,0.1,proportion,0.01,45,45,190,191,0.0011708520000013323
16,iterative,auto,cold,3,20,0.5,0.1,proportion,0.01,45,45,190,236,0.002956314999991605
16,iterative,auto,cold,4,20,0.5,0.1,proportion,0.01,45,45,190,281,0.002230506000003629
16,iterative,auto,cold,5,20,0.5,0.1,proportion,0.01,45,45,190,326,0.00560605300000816
16,iterative,auto,cold,6,20,0.5,0.1,proportion,0.01,45,45,190,371,0.00489720100000568
16,iterative,auto,cold,7,20,0.5,0.1,proportion,0.01,45,45,190,416,0.0011631090000037148
16,iterative,auto,cold,8,20,0.5,0.1,proportion,0.01,45,14,190,430,0.0006323509999930366
17,once,dual,cold,0,20,0.5,0.1,proportion,0.1,4560,4560,190,4561,0.05428084499999386
17,iterative,dual,warm,0,20,0.5,0.1,proportion,0.1,100,100,190,101,0.0019431880000126966
17,iterative,dual,warm,1,20,0.5,0.1,proportion,0.1,456,456,190,557,0.007977377999992541
17,iterative,dual,warm,2,20,0.5,0.1,proportion,0.1,456,372,190,929,0.008572212999993667
17,iterative,dual,cold,0,20,0.5,0.1,proportion,0.1,100,100,190,101,0.0018158789999915825
17,iterative,dual,cold,1,20,0.5,0.1,proportion,0.1,456,456,190,557,0.007017316000002438
17,iterative,dual,cold,2,20,0.5,0.1,proportion,0.1,456,423,190,980,0.00481249300000286
17,once,auto,cold,0,20,0.5,0.1,proportion,0.1,4560,4560,190,4561,0.053806997999998885
17,iterative,auto,warm,0,20,0.5,0.1,proportion,0.1,100,100,190,101,0.001864495999996052
17,iterative,auto,warm,1,20,0.5,0.1,proportion,0.1,456,456,190,557,0.014648049000001606
17,iterative,auto,warm,2,20,0.5,0.1,proportion,0.1,456,454,190,1011,0.009354033000008144
17,iterative,auto,cold,0,20,0.5,0.1,proportion,0.1,100,100,190,101,0.0018380019999995056
17,iterative,auto,cold,1,20,0.5,0.1,proportion,0.1,456,456,190,557,0.010169912999998587
17,iterative,auto,cold,2,20,0.5,0.1,proportion,0.1,456,387,190,944,0.0052433649999983345
17,iterative,auto,cold,3,20,0.5,0.1,proportion,0.1,456,18,190,962,0.0009281370000024936
18,once,dual,cold,0,20,0.5,0.2,proportion,0.01,4560,4560,190,4561,0.2257695700000113
18,iterative,dual,warm,0,20,0.5,0.2,proportion,0.01,100,100,190,101,0.0017998059999939642
18,iterative,dual,warm,1,20,0.5,0.2,proportion,0.01,45,45,190,146,0.0021455239999994546
18,iterative,dual,warm,2,20,0.5,0.2,proportion,0.01,45,45,190,191,0.0035874569999947425
18,iterative,dual,warm,3,20,0.5,0.2,proportion,0.01,45,45,190,236,0.0044304919999973436
18,iterative,dual,warm,4,20,0.5,0.2,proportion,0.01,45,45,190,281,0.007253137999995829
18,iterative,dual,warm,5,20,0.5,0.2,proportion,0.01,45,45,190,326,0.006680403000004276
18,iterative,dual,warm,6,20,0.5,0.2,proportion,0.01,45,45,190,371,0.012105597000001467
18,iterative,dual,warm,7,20,0.5,0.2,proportion,0.01,45,45,190,416,0.020343331000006515
18,iterative,dual,warm,8,20,0.5,0.2,proportion,0.01,45,45,190,461,0.036423779000003265
18,iterative,dual,warm,9,20,0.5,0.2,proportion,0.01,45,45,190,506,0.04661047300000121
18,iterative,dual,warm,10,20,0.5,0.2,proportion,0.01,45,45,190,551,0.05567043500001034
18,iterative,dual,warm,11,20,0.5,0.2,proportion,0.01,45,45,190,596,0.0444848789999952
18,iterative,dual,warm,12,20,0.5,0.2,proportion,0.01,45,45,190,641,0.046855902000004335
18,iterative,dual,warm,13,20,0.5,0.2,proportion,0.01,45,45,190,686,0.05410382499999855
18,iterative,dual,warm,14,20,0.5,0.2,proportion,0.01,45,45,190,731,0.04964129399999706
18,iterative,dual,warm,15,20,0.5,0.2,proportion,0.01,45,45,190,776,0.05311168999999438
18,iterative,dual,warm,16,20,0.5,0.2,proportion,0.01,45,45,190,821,0.05784614200000249
18,iterative,dual,warm,17,20,0.5,0.2,proportion,0.01,45,45,190,866,0.05867139100000429
18,iterative,dual,warm,18,20,0.5,0.2,proportion,0.01,45,20,190,886,0.0707721759999913
18,iterative,dual,warm,19,20,0.5,0.2,proportion,0.01,45,43,190,929,0.06362042400000689
18,iterative,dual,warm,20,20,0.5,0.2,proportion,0.01,45,13,190,942,0.06516107099999147
18,iterative,dual,warm,21,20,0.5,0.2,proportion,0.01,45,7,190,949,0.06393554400000312
18,iterative,dual,warm,22,20,0.5,0.2,proportion,0.01,45,2,190,951,0.06060575499999743
18,iterative,dual,warm,23,20,0.5,0.2,proportion,0.01,45,2,190,953,0.06294421700000896
18,iterative,dual,warm,24,20,0.5,0.2,proportion,0.01,45,1,190,954,0.06102565400000515
18,iterative,dual,cold,0,20,0.5,0.2,proportion,0.01,100,100,190,101,0.0017826110000100925
18,iterative,dual,cold,1,20,0.5,0.2,proportion,0.01,45,45,190,146,0.0011891069999876436
18,iterative,dual,cold,2,20,0.5,0.2,proportion,0.01,45,45,190,191,0.0020258819999980915
18,iterative,dual,cold,3,20,0.5,0.2,proportion,0.01,45,45,190,236,0.002638064999999301
18,iterative,dual,cold,4,20,0.5,0.2,proportion,0.01,45,45,190,281,0.004324259999989977
18,iterative,dual,cold,5,20,0.5,0.2,proportion,0.01,45,45,190,326,0.007809808000004637
18,iterative,dual,cold,6,20,0.5,0.2,proportion,0.01,45,45,190,371,0.01234816200000921
18,iterative,dual,cold,7,20,0.5,0.2,proportion,0.01,45,45,190,416,0.017301725000010038
18,iterative,dual,cold,8,20,0.5,0.2,proportion,0.01,45,45,190,461,0.026805469999999332
18,iterative,dual,cold,9,20,0.5,0.2,proportion,0.01,45,45,190,506,0.023113477999999077
18,iterative,dual,cold,10,20,0.5,0.2,proportion,0.01,45,45,190,551,0.019947000000001935
18,iterative,dual,cold,11,20,0.5,0.2,proportion,0.01,45,45,190,596,0.015195499000000723
18,iterative,dual,cold,12,20,0.5,0.2,proportion,0.01,45,45,190,641,0.0009617580000025328
18,iterative,dual,cold,13,20,0.5,0.2,proportion,0.01,45,45,190,686,0.0009660760000116397
18,iterative,dual,cold,14,20,0.5,0.2,proportion,0.01,45,45,190,731,0.0009967870000053836
18,iterative,dual,cold,15,20,0.5,0.2,proportion,0.01,45,15,190,746,0.0009608649999961472
18,once,auto,cold,0,20,0.5,0.2,proportion,0.01,4560,4560,190,4561,0.22574278300000117
18,iterative,auto,warm,0,20,0.5,0.2,proportion,0.01,100,100,190,101,0.0019793849999985014
18,iterative,auto,warm,1,20,0.5,0.2,proportion,0.01,45,45,190,146,0.002223892999992927
18,iterative,auto,warm,2,20,0.5,0.2,proportion,0.01,45,45,190,191,0.0033509490000085407
18,iterative,auto,warm,3,20,0.5,0.2,proportion,0.01,45,45,190,236,0.004288091999995913
18,iterative,auto,warm,4,20,0.5,0.2,proportion,0.01,45,45,190,281,0.0071867980000064335
18,iterative,auto,warm,5,20,0.5,0.2,proportion,0.01,45,45,190,326,0.007480585999999789
18,iterative,auto,warm,6,20,0.5,0.2,proportion,0.01,45,45,190,371,0.01118248499999197
18,iterative,auto,warm,7,20,0.5,0.2,proportion,0.01,45,45,190,416,0.013162959000013075
18,iterative,auto,warm,8,20,0.5,0.2,proportion,0.01,45,45,190,461,0.026494288999998616
18,iterative,auto,warm,9,20,0.5,0.2,proportion,0.01,45,45,190,506,0.036660642000001076
18,iterative,auto,warm,10,20,0.5,0.2,proportion,0.01,45,45,190,551,0.041487558000000035
18,iterative,auto,warm,11,20,0.5,0.2,proportion,0.01,45,45,190,596,0.04861678299999994
18,iterative,auto,warm,12,20,0.5,0.2,proportion,0.01,45,45,190,641,0.05328773400000841
18,iterative,auto,warm,13,20,0.5,0.2,proportion,0.01,45,45,190,686,0.052203421000001526
18,iterative,auto,warm,14,20,0.5,0.2,proportion,0.01,45,45,190,731,0.06025579800000003
18,iterative,auto,warm,15,20,0.5,0.2,proportion,0.01,45,45,190,776,0.054879536000001394
18,iterative,auto,warm,16,20,0.5,0.2,proportion,0.01,45,45,190,821,0.055343339000003766
18,iterative,auto,warm,17,20,0.5,0.2,proportion,0.01,45,45,190,866,0.07636099900000204
18,iterative,auto,warm,18,20,0.5,0.2,proportion,0.01,45,39,190,905,0.06919471199999805
18,iterative,auto,warm,19,20,0.5,0.2,proportion,0.01,45,23,190,928,0.06873311100000024
18,iterative,auto,warm,20,20,0.5,0.2,proportion,0.01,45,17,190,945,0.0689824920000035
18,iterative,auto,warm,21,20,0.5,0.2,proportion,0.01,45,10,190,955,0.06410524499999326
18,iterative,auto,warm,22,20,0.5,0.2,proportion,0.01,45,9,190,964,0.06448231300001339
18,iterative,auto,warm,23,20,0.5,0.2,proportion,0.01,45,9,190,973,0.06511226100001011
18,iterative,auto,warm,24,20,0.5,0.2,proportion,0.01,45,2,190,975,0.06175466199999846
18,iterative,auto,warm,25,20,0.5,0.2,proportion,0.01,45,2,190,977,0.0678949959999926
18,iterative,auto,warm,26,20,0.5,0.2,proportion,0.01,45,1,190,978,0.06258302199999832
18,iterative,auto,cold,0,20,0.5,0.2,proportion,0.01,100,100,190,101,0.0019135040000008985
18,iterative,auto,cold,1,20,0.5,0.2,proportion,0.01,45,45,190,146,0.0011130580000013879
18,iterative,auto,cold,2,20,0.5,0.2,proportion,0.01,45,45,190,191,0.0024887510000013435
18,iterative,auto,cold,3,20,0.5,0.2,proportion,0.01,45,45,190,236,0.0014503300000114905
18,iterative,auto,cold,4,20,0.5,0.2,proportion,0.01,45,45,190,281,0.003983595000008222
18,iterative,auto,cold,5,20,0.5,0.2,proportion,0.01,45,45,190,326,0.0058442260000077795
18,iterative,auto,cold,6,20,0.5,0.2,proportion,0.01,45,45,190,371,0.0065603270000025304
18,iterative,auto,cold,7,20,0.5,0.2,proportion,0.01,45,45,190,416,0.008795390000003067
18,iterative,auto,cold,8,20,0.5,0.2,proportion,0.01,45,45,190,461,0.020733913000000825
18,iterative,auto,cold,9,20,0.5,0.2,proportion,0.01,45,45,190,506,0.02801282499999047
18,iterative,auto,cold,10,20,0.5,0.2,proportion,0.01,45,45,190,551,0.017890016000009723
18,iterative,auto,cold,11,20,0.5,0.2,proportion,0.01,45,45,190,596,0.013435233999999241
18,iterative,auto,cold,12,20,0.5,0.2,proportion,0.01,45,44,190,640,0.010609680000001731
18,iterative,auto,cold,13,20,0.5,0.2,proportion,0.01,45,25,190,665,0.0015607509999995273
18,iterative,auto,cold,14,20,0.5,0.2,proportion,0.01,45,45,190,710,0.0009821189999996705
18,iterative,auto,cold,15,20,0.5,0.2,proportion,0.01,45,45,190,755,0.0010033319999962487
18,iterative,auto,cold,16,20,0.5,0.2,proportion,0.01,45,25,190,780,0.0009868279999949436
19,once,dual,cold,0,20,0.5,0.2,proportion,0.1,4560,4560,190,4561,0.19432572899999911
19,iterative,dual,warm,0,20,0.5,0.2,proportion,0.1,100,100,190,101,0.0018844310000076803
19,iterative,dual,warm,1,20,0.5,0.2,proportion,0.1,456,456,190,557,0.02520228000000202
19,iterative,dual,warm,2,20,0.5,0.2,proportion,0.1,456,456,190,1013,0.03589270999999883
19,iterative,dual,warm,3,20,0.5,0.2,proportion,0.1,456,456,190,1469,0.07466870499999345
19,iterative,dual,warm,4,20,0.5,0.2,proportion,0.1,456,19,190,1488,0.0666487160000031
19,iterative,dual,warm,5,20,0.5,0.2,proportion,0.1,456,21,190,1509,0.07339565300000572
19,iterative,dual,warm,6,20,0.5,0.2,proportion,0.1,456,4,190,1513,0.07755757400001073
19,iterative,dual,warm,7,20,0.5,0.2,proportion,0.1,456,5,190,1518,0.07661739999998929
19,iterative,dual,warm,8,20,0.5,0.2,proportion,0.1,456,10,190,1528,0.07985521500000914
19,iterative,dual,warm,9,20,0.5,0.2,proportion,0.1,456,2,190,1530,0.0706356090000071
19,iterative,dual,warm,10,20,0.5,0.2,proportion,0.1,456,3,190,1533,0.06742930599999397
19,iterative,dual,cold,0,20,0.5,0.2,proportion,0.1,100,100,190,101,0.001923290999997107
19,iterative,dual,cold,1,20,0.5,0.2,proportion,0.1,456,456,190,557,0.023261748999999554
19,iterative,dual,cold,2,20,0.5,0.2,proportion,0.1,456,456,190,1013,0.038389370999993844
19,iterative,dual,cold,3,20,0.5,0.2,proportion,0.1,456,456,190,1469,0.029646309000000315
19,iterative,dual,cold,4,20,0.5,0.2,proportion,0.1,456,20,190,1489,0.0013202220000039233
19,once,auto,cold,0,20,0.5,0.2,proportion,0.1,4560,4560,190,4561,0.1942463150000009
19,iterative,auto,warm,0,20,0.5,0.2,proportion,0.1,100,100,190,101,0.0019977110000013454
19,iterative,auto,warm,1,20,0.5,0.2,proportion,0.1,456,456,190,557,0.02727493000000436
19,iterative,auto,warm,2,20,0.5,0.2,proportion,0.1,456,456,190,1013,0.04816388400000449
19,iterative,auto,warm,3,20,0.5,0.2,proportion,0.1,456,85,190,1098,0.08196477100000266
19,iterative,auto,warm,4,20,0.5,0.2,proportion,0.1,456,129,190,1227,0.06317743199998915
19,iterative,auto,warm,5,20,0.5,0.2,proportion,0.1,456,13,190,1240,0.06160007700000847
19,iterative,auto,warm,6,20,0.5,0.2,proportion,0.1,456,12,190,1252,0.07149165799999935
19,iterative,auto,warm,7,20,0.5,0.2,proportion,0.1,456,6,190,1258,0.06648229999998989
19,iterative,auto,cold,0,20,0.5,0.2,proportion,0.1,100,100,190,101,0.0019136470000091776
19,iterative,auto,cold,1,20,0.5,0.2,proportion,0.1,456,456,190,557,0.022884353999998552
19,iterative,auto,cold,2,20,0.5,0.2,proportion,0.1,456,456,190,1013,0.012007269000008591
19,iterative,auto,cold,3,20,0.5,0.2,proportion,0.1,456,34,190,1047,0.03820692899999756
19,iterative,auto,cold,4,20,0.5,0.2,proportion,0.1,456,64,190,1111,0.008779394000001162
19,iterative,auto,cold,5,20,0.5,0.2,proportion,0.1,456,11,190,1122,0.0012252699999919514
20,once,dual,cold,0,20,0.8,0.1,proportion,0.01,4560,4560,190,4561,0.02829832000000465
20,iterative,dual,warm,0,20,0.8,0.1,proportion,0.01,100,100,190,101,0.0018473720000002913
20,iterative,dual,warm,1,20,0.8,0.1,proportion,0.01,45,45,190,146,0.002692314000000806
20,iterative,dual,warm,2,20,0.8,0.1,proportion,0.01,45,45,190,191,0.003194518000000812
20,iterative,dual,warm,3,20,0.8,0.1,proportion,0.01,45,45,190,236,0.0055100189999990334
20,iterative,dual,warm,4,20,0.8,0.1,proportion,0.01,45,45,190,281,0.008066276999997513
20,iterative,dual,warm,5,20,0.8,0.1,proportion,0.01,45,45,190,326,0.006766095999992672
20,iterative,dual,cold,0,20,0.8,0.1,proportion,0.01,100,100,190,101,0.001971565000005171
20,iterative,dual,cold,1,20,0.8,0.1,proportion,0.01,45,45,190,146,0.0009060340000104361
20,iterative,dual,cold,2,20,0.8,0.1,proportion,0.01,45,45,190,191,0.0018868849999904569
20,iterative,dual,cold,3,20,0.8,0.1,proportion,0.01,45,45,190,236,0.00101040900000271
20,iterative,dual,cold,4,20,0.8,0.1,proportion,0.01,45,45,190,281,0.0019059619999950428
20,iterative,dual,cold,5,20,0.8,0.1,proportion,0.01,45,45,190,326,0.0018703780000066672
20,iterative,dual,cold,6,20,0.8,0.1,proportion,0.01,45,45,190,371,0.004754546000000914
20,iterative,dual,cold,7,20,0.8,0.1,proportion,0.01,45,45,190,416,0.0008613110000084134
20,once,auto,cold,0,20,0.8,0.1,proportion,0.01,4560,4560,190,4561,0.028140692000008016
20,iterative,auto,warm,0,20,0.8,0.1,proportion,0.01,100,100,190,101,0.0018148050000093008
20,iterative,auto,warm,1,20,0.8,0.1,proportion,0.01,45,45,190,146,0.0018207310000093457
20,iterative,auto,warm,2,20,0.8,0.1,proportion,0.01,45,45,190,191,0.002630854000003069
20,iterative,auto,warm,3,20,0.8,0.1,proportion,0.01,45,45,190,236,0.004100735999998051
20,iterative,auto,warm,4,20,0.8,0.1,proportion,0.01,45,45,190,281,0.005220033000000512
20,iterative,auto,warm,5,20,0.8,0.1,proportion,0.01,45,45,190,326,0.008146897999992575
20,iterative,auto,warm,6,20,0.8,0.1,proportion,0.01,45,45,190,371,0.00554692100000409
20,iterative,auto,cold,0,20,0.8,0.1,proportion,0.01,100,100,190,101,0.0019038500000050362
20,iterative,auto,cold,1,20,0.8,0.1,proportion,0.01,45,45,190,146,0.0008362709999971685
20,iterative,auto,cold,2,20,0.8,0.1,proportion,0.01,45,45,190,191,0.0009965140000076644
20,iterative,auto,cold,3,20,0.8,0.1,proportion,0.01,45,45,190,236,0.0025486130000018647
20,iterative,auto,cold,4,20,0.8,0.1,proportion,0.01,45,45,190,281,0.001817463999998381
20,iterative,auto,cold,5,20,0.8,0.1,proportion,0.01,45,45,190,326,0.003514921999993703
20,iterative,auto,cold,6,20,0.8,0.1,proportion,0.01,45,45,190,371,0.0032579259999891974
20,iterative,auto,cold,7,20,0.8,0.1,proportion,0.01,45,45,190,416,0.0006181229999953075
20,iterative,auto,cold,8,20,0.8,0.1,proportion,0.01,45,45,190,461,0.00062603300000319
20,iterative,auto,cold,9,20,0.8,0.1,proportion,0.01,45,45,190,506,0.0006602929999957041
20,iterative,auto,cold,10,20,0.8,0.1,proportion,0.01,45,45,190,551,0.0006737159999943287
20,iterative,auto,cold,11,20,0.8,0.1,proportion,0.01,45,45,190,596,0.0007064210000038429
20,iterative,auto,cold,12,20,0.8,0.1,proportion,0.01,45,45,190,641,0.0007286569999962467
20,iterative,auto,cold,13,20,0.8,0.1,proportion,0.01,45,45,190,686,0.0007503329999991593
20,iterative,auto,cold,14,20,0.8,0.1,proportion,0.01,45,30,190,716,0.0007458329999963098
21,once,dual,cold,0,20,0.8,0.1,proportion,0.1,4560,4560,190,4561,0.026057238999996457
21,iterative,dual,warm,0,20,0.8,0.1,proportion,0.1,100,100,190,101,0.0019071400000001404
21,iterative,dual,warm,1,20,0.8,0.1,proportion,0.1,456,384,190,485,0.0035256979999900295
21,iterative,dual,cold,0,20,0.8,0.1,proportion,0.1,100,100,190,101,0.0018053889999976036
21,iterative,dual,cold,1,20,0.8,0.1,proportion,0.1,456,389,190,490,0.0027226400000017748
21,once,auto,cold,0,20,0.8,0.1,proportion,0.1,4560,4560,190,4561,0.025411028000007718
21,iterative,auto,warm,0,20,0.8,0.1,proportion,0.1,100,100,190,101,0.0018046959999935552
21,iterative,auto,warm,1,20,0.8,0.1,proportion,0.1,456,348,190,449,0.0030622880000095165
21,iterative,auto,cold,0,20,0.8,0.1,proportion,0.1,100,100,190,101,0.001954009000002088
21,iterative,auto,cold,1,20,0.8,0.1,proportion,0.1,456,408,190,509,0.002182789000002572
22,once,dual,cold,0,20,0.8,0.2,proportion,0.01,4560,4560,190,4561,0.025911116000003176
22,iterative,dual,warm,0,20,0.8,0.2,proportion,0.01,100,100,190,101,0.001658022999990294
22,iterative,dual,warm,1,20,0.8,0.2,proportion,0.01,45,45,190,146,0.0024894070000129886
22,iterative,dual,warm,2,20,0.8,0.2,proportion,0.01,45,45,190,191,0.003526471000000697
22,iterative,dual,warm,3,20,0.8,0.2,proportion,0.01,45,45,190,236,0.00537565400000517
22,iterative,dual,warm,4,20,0.8,0.2,proportion,0.01,45,45,190,281,0.0038279589999916652
22,iterative,dual,warm,5,20,0.8,0.2,proportion,0.01,45,34,190,315,0.004143314999993208
22,iterative,dual,cold,0,20,0.8,0.2,proportion,0.01,100,100,190,101,0.001457345999995141
22,iterative,dual,cold,1,20,0.8,0.2,proportion,0.01,45,45,190,146,0.0012229989999923419
22,iterative,dual,cold,2,20,0.8,0.2,proportion,0.01,45,45,190,191,0.0016263950000023897
22,iterative,dual,cold,3,20,0.8,0.2,proportion,0.01,45,45,190,236,0.001911731999996391
22,iterative,dual,cold,4,20,0.8,0.2,proportion,0.01,45,45,190,281,0.003305033000003732
22,iterative,dual,cold,5,20,0.8,0.2,proportion,0.01,45,45,190,326,0.0008213739999973768
22,iterative,dual,cold,6,20,0.8,0.2,proportion,0.01,45,45,190,371,0.0005631509999943773
22,iterative,dual,cold,7,20,0.8,0.2,proportion,0.01,45,45,190,416,0.0005898109999975532
22,iterative,dual,cold,8,20,0.8,0.2,proportion,0.01,45,45,190,461,0.0006048710000072788
22,iterative,dual,cold,9,20,0.8,0.2,proportion,0.01,45,45,190,506,0.0006283909999922344
22,iterative,dual,cold,10,20,0.8,0.2,proportion,0.01,45,45,190,551,0.0006489479999913783
22,iterative,dual,cold,11,20,0.8,0.2,proportion,0.01,45,13,190,564,0.000647600000007742
22,once,auto,cold,0,20,0.8,0.2,proportion,0.01,4560,4560,190,4561,0.02579369299999712
22,iterative,auto,warm,0,20,0.8,0.2,proportion,0.01,100,100,190,101,0.0014678609999947412
22,iterative,auto,warm,1,20,0.8,0.2,proportion,0.01,45,45,190,146,0.0016909510000004957
22,iterative,auto,warm,2,20,0.8,0.2,proportion,0.01,45,45,190,191,0.0027315359999988686
22,iterative,auto,warm,3,20,0.8,0.2,proportion,0.01,45,45,190,236,0.004096468000000186
22,iterative,auto,warm,4,20,0.8,0.2,proportion,0.01,45,45,190,281,0.0030944550000100435
22,iterative,auto,cold,0,20,0.8,0.2,proportion,0.01,100,100,190,101,0.001584252999990099
22,iterative,auto,cold,1,20,0.8,0.2,proportion,0.01,45,45,190,146,0.0009627109999996719
22,iterative,auto,cold,2,20,0.8,0.2,proportion,0.01,45,45,190,191,0.0027981070000038244
22,iterative,auto,cold,3,20,0.8,0.2,proportion,0.01,45,45,190,236,0.0018890900000059219
23,once,dual,cold,0,20,0.8,0.2,proportion,0.1,4560,4560,190,4561,0.024680234000001633
23,iterative,dual,warm,0,20,0.8,0.2,proportion,0.1,100,100,190,101,0.0018887760000012577
23,iterative,dual,warm,1,20,0.8,0.2,proportion,0.1,456,456,190,557,0.00521932200000208
23,iterative,dual,cold,0,20,0.8,0.2,proportion,0.1,100,100,190,101,0.0018264590000001135
23,iterative,dual,cold,1,20,0.8,0.2,proportion,0.1,456,452,190,553,0.0038479279999990013
23,once,auto,cold,0,20,0.8,0.2,proportion,0.1,4560,4560,190,4561,0.02454382700000224
23,iterative,auto,warm,0,20,0.8,0.2,proportion,0.1,100,100,190,101,0.0019496339999989232
23,iterative,auto,warm,1,20,0.8,0.2,proportion,0.1,456,456,190,557,0.009501460999999267
23,iterative,auto,warm,2,20,0.8,0.2,proportion,0.1,456,36,190,593,0.0055063100000012355
23,iterative,auto,cold,0,20,0.8,0.2,proportion,0.1,100,100,190,101,0.0017624609999984386
23,iterative,auto,cold,1,20,0.8,0.2,proportion,0.1,456,456,190,557,0.0037002480000012383
