solve_id,solve_type,method,warm_start,sub_solve_id,n,p,q,cut_type,cut_value,cuts_sought,cuts_added,min_order,min_proportion,proportion_used,variables,constraints,cpu_time
0,once,dual,cold,0,70,0.5,0.1,fixed,1000,218960,218960,2,1,1,2415,218961,28.528932455999996
0,iterative,dual,warm,0,70,0.5,0.1,fixed,1000,100,100,2,1,1,2415,101,0.005557338999999217
0,iterative,dual,warm,1,70,0.5,0.1,fixed,1000,1000,1000,2,1,1,2415,1101,0.02884896100000134
0,iterative,dual,warm,2,70,0.5,0.1,fixed,1000,1000,1000,2,1,1,2415,2101,0.05286671700000056
0,iterative,dual,warm,3,70,0.5,0.1,fixed,1000,1000,1000,2,1,1,2415,3101,1.8455176539999982
0,iterative,dual,warm,4,70,0.5,0.1,fixed,1000,1000,1000,2,1,1,2415,4101,3.160447022999996
0,iterative,dual,warm,5,70,0.5,0.1,fixed,1000,1000,1000,2,1,1,2415,5101,0.6831480200000044
0,iterative,dual,warm,6,70,0.5,0.1,fixed,1000,1000,1000,2,1,1,2415,6101,0.018568994000006
1,once,dual,cold,0,70,0.5,0.1,fixed,1000,218960,218960,1,1,1,2415,218961,27.262832657000004
1,iterative,dual,warm,0,70,0.5,0.1,fixed,1000,100,100,1,0.1,1,2415,101,0.005604149000006942
1,iterative,dual,warm,1,70,0.5,0.1,fixed,1000,1000,1000,1,0.1,0.1,2415,1101,0.034753570999995986
1,iterative,dual,warm,2,70,0.5,0.1,fixed,1000,1000,1000,1,0.1,0.1,2415,2101,0.056224667000009276
1,iterative,dual,warm,3,70,0.5,0.1,fixed,1000,1000,1000,1,0.1,0.1,2415,3101,1.7082343459999976
1,iterative,dual,warm,4,70,0.5,0.1,fixed,1000,1000,1000,1,0.1,0.1,2415,4101,2.294435391999997
1,iterative,dual,warm,5,70,0.5,0.1,fixed,1000,1000,1000,1,0.1,1,2415,5101,0.05073784799999714
2,once,dual,cold,0,70,0.5,0.1,fixed,1000,218960,218960,0,1,1,2415,218961,31.449748625000012
2,iterative,dual,warm,0,70,0.5,0.1,fixed,1000,100,100,0,0.01,1,2415,101,0.005579379000010931
2,iterative,dual,warm,1,70,0.5,0.1,fixed,1000,1000,1000,0,0.01,0.1,2415,1101,0.02784312800000066
2,iterative,dual,warm,2,70,0.5,0.1,fixed,1000,1000,1000,0,0.01,0.1,2415,2101,0.052523198000017146
2,iterative,dual,warm,3,70,0.5,0.1,fixed,1000,1000,1000,0,0.01,0.1,2415,3101,1.5238732740000103
2,iterative,dual,warm,4,70,0.5,0.1,fixed,1000,1000,1000,0,0.01,0.1,2415,4101,3.1359633609999946
2,iterative,dual,warm,5,70,0.5,0.1,fixed,1000,1000,1000,0,0.01,1,2415,5101,0.02390828800000122
3,once,dual,cold,0,70,0.5,0.1,fixed,3000,218960,218960,1,1,1,2415,218961,23.870056258999995
3,iterative,dual,warm,0,70,0.5,0.1,fixed,3000,100,100,1,1,1,2415,101,0.00569065999999907
3,iterative,dual,warm,1,70,0.5,0.1,fixed,3000,3000,3000,1,1,1,2415,3101,0.15139224399999307
3,iterative,dual,warm,2,70,0.5,0.1,fixed,3000,3000,3000,1,1,1,2415,6101,0.6558165790000032
3,iterative,dual,warm,3,70,0.5,0.1,fixed,3000,3000,780,1,1,1,2415,6881,0.12936309600002005
4,once,dual,cold,0,70,0.5,0.1,fixed,3000,218960,218960,0,1,1,2415,218961,33.54154169999998
4,iterative,dual,warm,0,70,0.5,0.1,fixed,3000,100,100,0,0.1,1,2415,101,0.005577084999970339
4,iterative,dual,warm,1,70,0.5,0.1,fixed,3000,3000,3000,0,0.1,1,2415,3101,0.12337893900001973
4,iterative,dual,warm,2,70,0.5,0.1,fixed,3000,3000,3000,0,0.1,0.1,2415,6101,6.264399755999989
4,iterative,dual,warm,3,70,0.5,0.1,fixed,3000,3000,3000,0,0.1,1,2415,9101,0.29146913900001437
5,once,dual,cold,0,70,0.5,0.1,fixed,10000,218960,218960,1,1,1,2415,218961,32.997427754
5,iterative,dual,warm,0,70,0.5,0.1,fixed,10000,100,100,1,1,1,2415,101,0.0063810799999828305
5,iterative,dual,warm,1,70,0.5,0.1,fixed,10000,10000,10000,1,1,1,2415,10101,1.8038407110000207
5,iterative,dual,warm,2,70,0.5,0.1,fixed,10000,10000,10000,1,1,1,2415,20101,19.779093814999953
5,iterative,dual,warm,3,70,0.5,0.1,fixed,10000,10000,520,1,1,1,2415,20621,0.08666888300001574
6,once,dual,cold,0,70,0.5,0.1,fixed,10000,218960,218960,0,1,1,2415,218961,33.84216175400002
6,iterative,dual,warm,0,70,0.5,0.1,fixed,10000,100,100,0,0.1,1,2415,101,0.006279274999997142
6,iterative,dual,warm,1,70,0.5,0.1,fixed,10000,10000,10000,0,0.1,1,2415,10101,1.036789490999979
6,iterative,dual,warm,2,70,0.5,0.1,fixed,10000,10000,10000,0,0.1,1,2415,20101,5.200330930000007
7,once,dual,cold,0,70,0.5,0.1,fixed,30000,218960,218960,0,1,1,2415,218961,27.837715559000003
7,iterative,dual,warm,0,70,0.5,0.1,fixed,30000,100,100,0,1,1,2415,101,0.006408915000008619
7,iterative,dual,warm,1,70,0.5,0.1,fixed,30000,30000,26684,0,1,1,2415,26785,26.613633230000005
7,iterative,dual,warm,2,70,0.5,0.1,fixed,30000,30000,15755,0,1,1,2415,42540,2.35174341000004
8,once,dual,cold,0,70,0.5,0.1,fixed,100000,218960,218960,0,1,1,2415,218961,30.616292086000044
8,iterative,dual,warm,0,70,0.5,0.1,fixed,100000,100,100,0,1,1,2415,101,0.006119329999933143
8,iterative,dual,warm,1,70,0.5,0.1,fixed,100000,100000,26376,0,1,1,2415,26477,33.191311782999946
8,iterative,dual,warm,2,70,0.5,0.1,fixed,100000,100000,16152,0,1,1,2415,42629,6.734654058999922
9,once,dual,cold,0,70,0.5,0.1,fixed,300000,218960,218960,0,1,1,2415,218961,28.037735746999942
9,iterative,dual,warm,0,70,0.5,0.1,fixed,300000,100,100,0,1,1,2415,101,0.006352822999929231
9,iterative,dual,warm,1,70,0.5,0.1,fixed,300000,300000,26606,0,1,1,2415,26707,21.666124141999944
9,iterative,dual,warm,2,70,0.5,0.1,fixed,300000,300000,16082,0,1,1,2415,42789,3.249002360000077
10,once,dual,cold,0,70,0.5,0.2,fixed,1000,218960,218960,2,1,1,2415,218961,136.28761331099997
10,iterative,dual,warm,0,70,0.5,0.2,fixed,1000,100,100,2,1,1,2415,101,0.0062197140000535
10,iterative,dual,warm,1,70,0.5,0.2,fixed,1000,1000,1000,2,1,1,2415,1101,0.029698596000002908
10,iterative,dual,warm,2,70,0.5,0.2,fixed,1000,1000,1000,2,1,1,2415,2101,0.24374454400003742
10,iterative,dual,warm,3,70,0.5,0.2,fixed,1000,1000,1000,2,1,1,2415,3101,3.9965791380000155
10,iterative,dual,warm,4,70,0.5,0.2,fixed,1000,1000,1000,2,1,1,2415,4101,12.166461659999982
10,iterative,dual,warm,5,70,0.5,0.2,fixed,1000,1000,1000,2,1,1,2415,5101,21.226323468000032
10,iterative,dual,warm,6,70,0.5,0.2,fixed,1000,1000,1000,2,1,1,2415,6101,23.988188452999907
10,iterative,dual,warm,7,70,0.5,0.2,fixed,1000,1000,1000,2,1,1,2415,7101,15.549484405000044
10,iterative,dual,warm,8,70,0.5,0.2,fixed,1000,1000,1000,2,1,1,2415,8101,8.47180276000006
10,iterative,dual,warm,9,70,0.5,0.2,fixed,1000,1000,214,2,1,1,2415,8315,2.7276758500000824
10,iterative,dual,warm,10,70,0.5,0.2,fixed,1000,1000,108,2,1,1,2415,8423,1.1029918770000222
10,iterative,dual,warm,11,70,0.5,0.2,fixed,1000,1000,38,2,1,1,2415,8461,0.06677991900005509
11,once,dual,cold,0,70,0.5,0.2,fixed,1000,218960,218960,1,1,1,2415,218961,71.49386058699997
11,iterative,dual,warm,0,70,0.5,0.2,fixed,1000,100,100,1,0.1,1,2415,101,0.006530182999995304
11,iterative,dual,warm,1,70,0.5,0.2,fixed,1000,1000,1000,1,0.1,0.1,2415,1101,0.030868832999885853
11,iterative,dual,warm,2,70,0.5,0.2,fixed,1000,1000,1000,1,0.1,0.1,2415,2101,0.24221194400001878
11,iterative,dual,warm,3,70,0.5,0.2,fixed,1000,1000,1000,1,0.1,0.1,2415,3101,4.375511653999865
11,iterative,dual,warm,4,70,0.5,0.2,fixed,1000,1000,1000,1,0.1,0.1,2415,4101,13.966958927000178
11,iterative,dual,warm,5,70,0.5,0.2,fixed,1000,1000,1000,1,0.1,0.1,2415,5101,21.30308433600021
11,iterative,dual,warm,6,70,0.5,0.2,fixed,1000,1000,1000,1,0.1,0.1,2415,6101,1.6944717330000003
12,once,dual,cold,0,70,0.5,0.2,fixed,1000,218960,218960,0,1,1,2415,218961,70.44864789100006
12,iterative,dual,warm,0,70,0.5,0.2,fixed,1000,100,100,0,0.01,1,2415,101,0.006342380999967645
12,iterative,dual,warm,1,70,0.5,0.2,fixed,1000,1000,1000,0,0.01,0.1,2415,1101,0.028990039000063916
12,iterative,dual,warm,2,70,0.5,0.2,fixed,1000,1000,1000,0,0.01,0.1,2415,2101,0.1523849010000049
12,iterative,dual,warm,3,70,0.5,0.2,fixed,1000,1000,1000,0,0.01,0.1,2415,3101,3.296941681000135
12,iterative,dual,warm,4,70,0.5,0.2,fixed,1000,1000,1000,0,0.01,0.1,2415,4101,12.608158056000093
12,iterative,dual,warm,5,70,0.5,0.2,fixed,1000,1000,1000,0,0.01,0.1,2415,5101,20.89184757099997
12,iterative,dual,warm,6,70,0.5,0.2,fixed,1000,1000,1000,0,0.01,0.1,2415,6101,4.23585005599989
13,once,dual,cold,0,70,0.5,0.2,fixed,3000,218960,218960,1,1,1,2415,218961,75.74907453600008
13,iterative,dual,warm,0,70,0.5,0.2,fixed,3000,100,100,1,1,1,2415,101,0.006478955000147835
13,iterative,dual,warm,1,70,0.5,0.2,fixed,3000,3000,3000,1,1,1,2415,3101,0.767802391000032
13,iterative,dual,warm,2,70,0.5,0.2,fixed,3000,3000,3000,1,1,1,2415,6101,25.833743566000066
13,iterative,dual,warm,3,70,0.5,0.2,fixed,3000,3000,3000,1,1,1,2415,9101,3.2864113069999803
14,once,dual,cold,0,70,0.5,0.2,fixed,3000,218960,218960,0,1,1,2415,218961,101.00134506799986
14,iterative,dual,warm,0,70,0.5,0.2,fixed,3000,100,100,0,0.1,1,2415,101,0.006359539999948538
14,iterative,dual,warm,1,70,0.5,0.2,fixed,3000,3000,3000,0,0.1,1,2415,3101,0.5797364349998588
14,iterative,dual,warm,2,70,0.5,0.2,fixed,3000,3000,3000,0,0.1,0.1,2415,6101,24.86954344800006
14,iterative,dual,warm,3,70,0.5,0.2,fixed,3000,3000,3000,0,0.1,1,2415,9101,35.546038713999906
15,once,dual,cold,0,70,0.5,0.2,fixed,10000,218960,218960,1,1,1,2415,218961,140.73450684600016
15,iterative,dual,warm,0,70,0.5,0.2,fixed,10000,100,100,1,1,1,2415,101,0.006087783999873864
15,iterative,dual,warm,1,70,0.5,0.2,fixed,10000,10000,10000,1,1,1,2415,10101,30.95503692200009
15,iterative,dual,warm,2,70,0.5,0.2,fixed,10000,10000,10000,1,1,1,2415,20101,68.77854596299994
15,iterative,dual,warm,3,70,0.5,0.2,fixed,10000,10000,247,1,1,1,2415,20348,5.371459807999827
15,iterative,dual,warm,4,70,0.5,0.2,fixed,10000,10000,26,1,1,1,2415,20374,1.3871036190000723
15,iterative,dual,warm,5,70,0.5,0.2,fixed,10000,10000,4,1,1,1,2415,20378,0.3839746770001966
16,once,dual,cold,0,70,0.5,0.2,fixed,10000,218960,218960,0,1,1,2415,218961,67.8388346889999
16,iterative,dual,warm,0,70,0.5,0.2,fixed,10000,100,100,0,0.1,1,2415,101,0.006197081999971488
16,iterative,dual,warm,1,70,0.5,0.2,fixed,10000,10000,10000,0,0.1,1,2415,10101,30.865344606999997
16,iterative,dual,warm,2,70,0.5,0.2,fixed,10000,10000,10000,0,0.1,1,2415,20101,11.347925515999805
17,once,dual,cold,0,70,0.5,0.2,fixed,30000,218960,218960,0,1,1,2415,218961,122.86037716099986
17,iterative,dual,warm,0,70,0.5,0.2,fixed,30000,100,100,0,1,1,2415,101,0.0058543420000205515
17,iterative,dual,warm,1,70,0.5,0.2,fixed,30000,30000,27294,0,1,1,2415,27395,76.51100153700008
17,iterative,dual,warm,2,70,0.5,0.2,fixed,30000,30000,16664,0,1,1,2415,44059,71.07591643299975
18,once,dual,cold,0,70,0.5,0.2,fixed,100000,218960,218960,0,1,1,2415,218961,130.75851342899978
18,iterative,dual,warm,0,70,0.5,0.2,fixed,100000,100,100,0,1,1,2415,101,0.006349002000206383
18,iterative,dual,warm,1,70,0.5,0.2,fixed,100000,100000,27094,0,1,1,2415,27195,81.23114243300006
18,iterative,dual,warm,2,70,0.5,0.2,fixed,100000,100000,13611,0,1,1,2415,40806,97.56265753099979
18,iterative,dual,warm,3,70,0.5,0.2,fixed,100000,100000,193,0,1,1,2415,40999,3.5032459050003126
18,iterative,dual,warm,4,70,0.5,0.2,fixed,100000,100000,6,0,1,1,2415,41005,0.7167649980001443
19,once,dual,cold,0,70,0.5,0.2,fixed,300000,218960,218960,0,1,1,2415,218961,77.084810242
19,iterative,dual,warm,0,70,0.5,0.2,fixed,300000,100,100,0,1,1,2415,101,0.006271224000101938
19,iterative,dual,warm,1,70,0.5,0.2,fixed,300000,300000,27378,0,1,1,2415,27479,84.79440414400005
19,iterative,dual,warm,2,70,0.5,0.2,fixed,300000,300000,13674,0,1,1,2415,41153,15.586040638000213
20,once,dual,cold,0,70,0.8,0.1,fixed,1000,218960,218960,2,1,1,2415,218961,10.916585682000004
20,iterative,dual,warm,0,70,0.8,0.1,fixed,1000,100,100,2,1,1,2415,101,0.0069059790002938826
20,iterative,dual,warm,1,70,0.8,0.1,fixed,1000,1000,1000,2,1,1,2415,1101,0.021912296000209608
20,iterative,dual,warm,2,70,0.8,0.1,fixed,1000,1000,1000,2,1,1,2415,2101,0.011849152000195318
20,iterative,dual,warm,3,70,0.8,0.1,fixed,1000,1000,1000,2,1,1,2415,3101,0.006400966000001063
21,once,dual,cold,0,70,0.8,0.1,fixed,1000,218960,218960,1,1,1,2415,218961,9.981243021999944
21,iterative,dual,warm,0,70,0.8,0.1,fixed,1000,100,100,1,0.1,1,2415,101,0.006189962000007654
21,iterative,dual,warm,1,70,0.8,0.1,fixed,1000,1000,1000,1,0.1,0.1,2415,1101,0.021885930000280496
21,iterative,dual,warm,2,70,0.8,0.1,fixed,1000,1000,1000,1,0.1,0.1,2415,2101,0.014622786000018095
21,iterative,dual,warm,3,70,0.8,0.1,fixed,1000,1000,398,1,0.1,1,2415,2499,0.004832931999771972
22,once,dual,cold,0,70,0.8,0.1,fixed,1000,218960,218960,0,1,1,2415,218961,12.351477345999683
22,iterative,dual,warm,0,70,0.8,0.1,fixed,1000,100,100,0,0.01,1,2415,101,0.006807532000038918
22,iterative,dual,warm,1,70,0.8,0.1,fixed,1000,1000,1000,0,0.01,0.1,2415,1101,0.018986902000051487
22,iterative,dual,warm,2,70,0.8,0.1,fixed,1000,1000,1000,0,0.01,0.1,2415,2101,0.01222044799987998
23,once,dual,cold,0,70,0.8,0.1,fixed,3000,218960,218960,1,1,1,2415,218961,13.30197219799993
23,iterative,dual,warm,0,70,0.8,0.1,fixed,3000,100,100,1,1,1,2415,101,0.006833156000084273
23,iterative,dual,warm,1,70,0.8,0.1,fixed,3000,3000,3000,1,1,1,2415,3101,0.06592583600013313
23,iterative,dual,warm,2,70,0.8,0.1,fixed,3000,3000,2409,1,1,1,2415,5510,0.01678352699991592
24,once,dual,cold,0,70,0.8,0.1,fixed,3000,218960,218960,0,1,1,2415,218961,10.829297597999812
24,iterative,dual,warm,0,70,0.8,0.1,fixed,3000,100,100,0,0.1,1,2415,101,0.006916926000030799
24,iterative,dual,warm,1,70,0.8,0.1,fixed,3000,3000,3000,0,0.1,1,2415,3101,0.08307061000004978
24,iterative,dual,warm,2,70,0.8,0.1,fixed,3000,3000,1462,0,0.1,1,2415,4563,0.0098321999998916
25,once,dual,cold,0,70,0.8,0.1,fixed,10000,218960,218960,1,1,1,2415,218961,10.3557839099999
25,iterative,dual,warm,0,70,0.8,0.1,fixed,10000,100,100,1,1,1,2415,101,0.007795989999976882
25,iterative,dual,warm,1,70,0.8,0.1,fixed,10000,10000,10000,1,1,1,2415,10101,0.7689475430001949
25,iterative,dual,warm,2,70,0.8,0.1,fixed,10000,10000,8926,1,1,1,2415,19027,0.059688745999665116
26,once,dual,cold,0,70,0.8,0.1,fixed,10000,218960,218960,0,1,1,2415,218961,10.8074361580002
26,iterative,dual,warm,0,70,0.8,0.1,fixed,10000,100,100,0,0.1,1,2415,101,0.007526803000018845
26,iterative,dual,warm,1,70,0.8,0.1,fixed,10000,10000,10000,0,0.1,1,2415,10101,0.7385642510002981
26,iterative,dual,warm,2,70,0.8,0.1,fixed,10000,10000,8475,0,0.1,1,2415,18576,0.05479871500028821
27,once,dual,cold,0,70,0.8,0.1,fixed,30000,218960,218960,0,1,1,2415,218961,11.925039561000176
27,iterative,dual,warm,0,70,0.8,0.1,fixed,30000,100,100,0,1,1,2415,101,0.007323067000015726
27,iterative,dual,warm,1,70,0.8,0.1,fixed,30000,30000,19442,0,1,1,2415,19543,1.7983495440003026
27,iterative,dual,warm,2,70,0.8,0.1,fixed,30000,30000,5877,0,1,1,2415,25420,0.06920281299971975
28,once,dual,cold,0,70,0.8,0.1,fixed,100000,218960,218960,0,1,1,2415,218961,11.14348823599994
28,iterative,dual,warm,0,70,0.8,0.1,fixed,100000,100,100,0,1,1,2415,101,0.006941227999959665
28,iterative,dual,warm,1,70,0.8,0.1,fixed,100000,100000,19252,0,1,1,2415,19353,1.2258770759999607
28,iterative,dual,warm,2,70,0.8,0.1,fixed,100000,100000,5876,0,1,1,2415,25229,0.0776500169999963
29,once,dual,cold,0,70,0.8,0.1,fixed,300000,218960,218960,0,1,1,2415,218961,12.733922624000115
29,iterative,dual,warm,0,70,0.8,0.1,fixed,300000,100,100,0,1,1,2415,101,0.007121654999991733
29,iterative,dual,warm,1,70,0.8,0.1,fixed,300000,300000,20334,0,1,1,2415,20435,1.2748680830000012
29,iterative,dual,warm,2,70,0.8,0.1,fixed,300000,300000,6875,0,1,1,2415,27310,0.06983685000022888
30,once,dual,cold,0,70,0.8,0.2,fixed,1000,218960,218960,2,1,1,2415,218961,19.38762297400035
30,iterative,dual,warm,0,70,0.8,0.2,fixed,1000,100,100,2,1,1,2415,101,0.007190773999809608
30,iterative,dual,warm,1,70,0.8,0.2,fixed,1000,1000,1000,2,1,1,2415,1101,0.022962686000028043
30,iterative,dual,warm,2,70,0.8,0.2,fixed,1000,1000,1000,2,1,1,2415,2101,0.03777190500022698
30,iterative,dual,warm,3,70,0.8,0.2,fixed,1000,1000,1000,2,1,1,2415,3101,0.015590298999995866
30,iterative,dual,warm,4,70,0.8,0.2,fixed,1000,1000,763,2,1,1,2415,3864,0.009402019000390283
31,once,dual,cold,0,70,0.8,0.2,fixed,1000,218960,218960,1,1,1,2415,218961,24.00511220699991
31,iterative,dual,warm,0,70,0.8,0.2,fixed,1000,100,100,1,0.1,1,2415,101,0.007097355000041716
31,iterative,dual,warm,1,70,0.8,0.2,fixed,1000,1000,1000,1,0.1,0.1,2415,1101,0.01908707399979903
31,iterative,dual,warm,2,70,0.8,0.2,fixed,1000,1000,1000,1,0.1,0.1,2415,2101,0.04305288500017923
31,iterative,dual,warm,3,70,0.8,0.2,fixed,1000,1000,1000,1,0.1,1,2415,3101,0.016801780999685434
31,iterative,dual,warm,4,70,0.8,0.2,fixed,1000,1000,134,1,0.1,1,2415,3235,0.00623730200004502
32,once,dual,cold,0,70,0.8,0.2,fixed,1000,218960,218960,0,1,1,2415,218961,18.503638513999704
32,iterative,dual,warm,0,70,0.8,0.2,fixed,1000,100,100,0,0.01,1,2415,101,0.007120303999727184
32,iterative,dual,warm,1,70,0.8,0.2,fixed,1000,1000,1000,0,0.01,0.1,2415,1101,0.02027808200000436
32,iterative,dual,warm,2,70,0.8,0.2,fixed,1000,1000,1000,0,0.01,0.1,2415,2101,0.029740971999672183
32,iterative,dual,warm,3,70,0.8,0.2,fixed,1000,1000,1000,0,0.01,1,2415,3101,0.006883650999952806
33,once,dual,cold,0,70,0.8,0.2,fixed,3000,218960,218960,1,1,1,2415,218961,18.99249564799993
33,iterative,dual,warm,0,70,0.8,0.2,fixed,3000,100,100,1,1,1,2415,101,0.007272451000062574
33,iterative,dual,warm,1,70,0.8,0.2,fixed,3000,3000,3000,1,1,1,2415,3101,0.128616675000103
33,iterative,dual,warm,2,70,0.8,0.2,fixed,3000,3000,1178,1,1,1,2415,4279,0.00902642500022921
34,once,dual,cold,0,70,0.8,0.2,fixed,3000,218960,218960,0,1,1,2415,218961,18.65727147100006
34,iterative,dual,warm,0,70,0.8,0.2,fixed,3000,100,100,0,0.1,1,2415,101,0.007364450000295619
34,iterative,dual,warm,1,70,0.8,0.2,fixed,3000,3000,3000,0,0.1,1,2415,3101,0.07557446700002401
34,iterative,dual,warm,2,70,0.8,0.2,fixed,3000,3000,1252,0,0.1,1,2415,4353,0.009540366000237555
35,once,dual,cold,0,70,0.8,0.2,fixed,10000,218960,218960,1,1,1,2415,218961,16.97575704899964
35,iterative,dual,warm,0,70,0.8,0.2,fixed,10000,100,100,1,1,1,2415,101,0.00818171800028722
35,iterative,dual,warm,1,70,0.8,0.2,fixed,10000,10000,10000,1,1,1,2415,10101,1.5429845439998644
35,iterative,dual,warm,2,70,0.8,0.2,fixed,10000,10000,1604,1,1,1,2415,11705,0.0295030250003947
36,once,dual,cold,0,70,0.8,0.2,fixed,10000,218960,218960,0,1,1,2415,218961,17.91277614799992
36,iterative,dual,warm,0,70,0.8,0.2,fixed,10000,100,100,0,0.1,1,2415,101,0.007950410999910673
36,iterative,dual,warm,1,70,0.8,0.2,fixed,10000,10000,10000,0,0.1,1,2415,10101,1.7265622599998096
36,iterative,dual,warm,2,70,0.8,0.2,fixed,10000,10000,441,0,0.1,1,2415,10542,0.01983849700036444
37,once,dual,cold,0,70,0.8,0.2,fixed,30000,218960,218960,0,1,1,2415,218961,20.902175057000022
37,iterative,dual,warm,0,70,0.8,0.2,fixed,30000,100,100,0,1,1,2415,101,0.008022510000046168
37,iterative,dual,warm,1,70,0.8,0.2,fixed,30000,30000,21144,0,1,1,2415,21245,4.102259515000242
37,iterative,dual,warm,2,70,0.8,0.2,fixed,30000,30000,406,0,1,1,2415,21651,0.2473328279997986
38,once,dual,cold,0,70,0.8,0.2,fixed,100000,218960,218960,0,1,1,2415,218961,16.922495942000296
38,iterative,dual,warm,0,70,0.8,0.2,fixed,100000,100,100,0,1,1,2415,101,0.007821360999969329
38,iterative,dual,warm,1,70,0.8,0.2,fixed,100000,100000,21220,0,1,1,2415,21321,0.5422873899997285
39,once,dual,cold,0,70,0.8,0.2,fixed,300000,218960,218960,0,1,1,2415,218961,18.450844022000183
39,iterative,dual,warm,0,70,0.8,0.2,fixed,300000,100,100,0,1,1,2415,101,0.007753953000246838
39,iterative,dual,warm,1,70,0.8,0.2,fixed,300000,300000,22044,0,1,1,2415,22145,4.001364468999782
39,iterative,dual,warm,2,70,0.8,0.2,fixed,300000,300000,936,0,1,1,2415,23081,0.29179066599999715
40,once,dual,cold,0,70,0.5,0.1,fixed,1000,218960,218960,2,1,1,2415,218961,30.182297712000036
40,iterative,dual,warm,0,70,0.5,0.1,fixed,1000,100,100,2,1,1,2415,101,0.006479637000211369
40,iterative,dual,warm,1,70,0.5,0.1,fixed,1000,1000,1000,2,1,1,2415,1101,0.03181248000009873
40,iterative,dual,warm,2,70,0.5,0.1,fixed,1000,1000,1000,2,1,1,2415,2101,0.05694849300016358
40,iterative,dual,warm,3,70,0.5,0.1,fixed,1000,1000,1000,2,1,1,2415,3101,1.5463523399998849
40,iterative,dual,warm,4,70,0.5,0.1,fixed,1000,1000,1000,2,1,1,2415,4101,3.228967182999895
40,iterative,dual,warm,5,70,0.5,0.1,fixed,1000,1000,1000,2,1,1,2415,5101,1.1602245260000927
40,iterative,dual,warm,6,70,0.5,0.1,fixed,1000,1000,268,2,1,1,2415,5369,0.015737578999960533
41,once,dual,cold,0,70,0.5,0.1,fixed,1000,218960,218960,1,1,1,2415,218961,27.038672217999647
41,iterative,dual,warm,0,70,0.5,0.1,fixed,1000,100,100,1,0.1,1,2415,101,0.005988990999867383
41,iterative,dual,warm,1,70,0.5,0.1,fixed,1000,1000,1000,1,0.1,0.1,2415,1101,0.028238978999979736
41,iterative,dual,warm,2,70,0.5,0.1,fixed,1000,1000,1000,1,0.1,0.1,2415,2101,0.059649229000115156
41,iterative,dual,warm,3,70,0.5,0.1,fixed,1000,1000,1000,1,0.1,0.1,2415,3101,1.7421072629999799
41,iterative,dual,warm,4,70,0.5,0.1,fixed,1000,1000,1000,1,0.1,0.1,2415,4101,2.395506868999746
41,iterative,dual,warm,5,70,0.5,0.1,fixed,1000,1000,662,1,0.1,1,2415,4763,0.013086522000321565
42,once,dual,cold,0,70,0.5,0.1,fixed,1000,218960,218960,0,1,1,2415,218961,30.897187023000242
42,iterative,dual,warm,0,70,0.5,0.1,fixed,1000,100,100,0,0.01,1,2415,101,0.005877690000033908
42,iterative,dual,warm,1,70,0.5,0.1,fixed,1000,1000,1000,0,0.01,0.1,2415,1101,0.027997698000035598
42,iterative,dual,warm,2,70,0.5,0.1,fixed,1000,1000,1000,0,0.01,0.1,2415,2101,0.05810466599996289
42,iterative,dual,warm,3,70,0.5,0.1,fixed,1000,1000,1000,0,0.01,0.1,2415,3101,1.3481961459997365
42,iterative,dual,warm,4,70,0.5,0.1,fixed,1000,1000,1000,0,0.01,0.1,2415,4101,2.1898771680002938
42,iterative,dual,warm,5,70,0.5,0.1,fixed,1000,1000,928,0,0.01,1,2415,5029,0.012577607999901375
43,once,dual,cold,0,70,0.5,0.1,fixed,3000,218960,218960,1,1,1,2415,218961,29.782159496000077
43,iterative,dual,warm,0,70,0.5,0.1,fixed,3000,100,100,1,1,1,2415,101,0.006626045000302838
43,iterative,dual,warm,1,70,0.5,0.1,fixed,3000,3000,3000,1,1,1,2415,3101,0.21377291600038006
43,iterative,dual,warm,2,70,0.5,0.1,fixed,3000,3000,3000,1,1,1,2415,6101,1.610324320000018
43,iterative,dual,warm,3,70,0.5,0.1,fixed,3000,3000,3000,1,1,1,2415,9101,0.3334618240000964
44,once,dual,cold,0,70,0.5,0.1,fixed,3000,218960,218960,0,1,1,2415,218961,30.701955955999892
44,iterative,dual,warm,0,70,0.5,0.1,fixed,3000,100,100,0,0.1,1,2415,101,0.006545941000240418
44,iterative,dual,warm,1,70,0.5,0.1,fixed,3000,3000,3000,0,0.1,1,2415,3101,0.20985527000038928
44,iterative,dual,warm,2,70,0.5,0.1,fixed,3000,3000,3000,0,0.1,0.1,2415,6101,5.197690176999913
44,iterative,dual,warm,3,70,0.5,0.1,fixed,3000,3000,1448,0,0.1,1,2415,7549,0.25568711500000063
45,once,dual,cold,0,70,0.5,0.1,fixed,10000,218960,218960,1,1,1,2415,218961,27.798449434000304
45,iterative,dual,warm,0,70,0.5,0.1,fixed,10000,100,100,1,1,1,2415,101,0.006566545000168844
45,iterative,dual,warm,1,70,0.5,0.1,fixed,10000,10000,10000,1,1,1,2415,10101,0.4709572390001995
45,iterative,dual,warm,2,70,0.5,0.1,fixed,10000,10000,7492,1,1,1,2415,17593,2.6792411589999574
46,once,dual,cold,0,70,0.5,0.1,fixed,10000,218960,218960,0,1,1,2415,218961,28.02860670600012
46,iterative,dual,warm,0,70,0.5,0.1,fixed,10000,100,100,0,0.1,1,2415,101,0.006607340999835287
46,iterative,dual,warm,1,70,0.5,0.1,fixed,10000,10000,10000,0,0.1,1,2415,10101,0.445846045000053
46,iterative,dual,warm,2,70,0.5,0.1,fixed,10000,10000,6554,0,0.1,1,2415,16655,2.674638116999631
47,once,dual,cold,0,70,0.5,0.1,fixed,30000,218960,218960,0,1,1,2415,218961,30.122362016999887
47,iterative,dual,warm,0,70,0.5,0.1,fixed,30000,100,100,0,1,1,2415,101,0.0063248020001083205
47,iterative,dual,warm,1,70,0.5,0.1,fixed,30000,30000,23894,0,1,1,2415,23995,17.11468454399983
47,iterative,dual,warm,2,70,0.5,0.1,fixed,30000,30000,18670,0,1,1,2415,42665,9.727775910000219
48,once,dual,cold,0,70,0.5,0.1,fixed,100000,218960,218960,0,1,1,2415,218961,30.973244374999922
48,iterative,dual,warm,0,70,0.5,0.1,fixed,100000,100,100,0,1,1,2415,101,0.005963986000097066
48,iterative,dual,warm,1,70,0.5,0.1,fixed,100000,100000,26974,0,1,1,2415,27075,34.07754311099961
48,iterative,dual,warm,2,70,0.5,0.1,fixed,100000,100000,16028,0,1,1,2415,43103,21.91993120999996
48,iterative,dual,warm,3,70,0.5,0.1,fixed,100000,100000,134,0,1,1,2415,43237,0.26325042999997095
49,once,dual,cold,0,70,0.5,0.1,fixed,300000,218960,218960,0,1,1,2415,218961,28.370729987999766
49,iterative,dual,warm,0,70,0.5,0.1,fixed,300000,100,100,0,1,1,2415,101,0.006532778000291728
49,iterative,dual,warm,1,70,0.5,0.1,fixed,300000,300000,26720,0,1,1,2415,26821,33.39520540600006
49,iterative,dual,warm,2,70,0.5,0.1,fixed,300000,300000,15179,0,1,1,2415,42000,0.9969966540002133
50,once,dual,cold,0,70,0.5,0.2,fixed,1000,218960,218960,2,1,1,2415,218961,140.09184861800077
50,iterative,dual,warm,0,70,0.5,0.2,fixed,1000,100,100,2,1,1,2415,101,0.0065075180000349064
50,iterative,dual,warm,1,70,0.5,0.2,fixed,1000,1000,1000,2,1,1,2415,1101,0.030297353000605654
50,iterative,dual,warm,2,70,0.5,0.2,fixed,1000,1000,1000,2,1,1,2415,2101,0.3227190890002021
50,iterative,dual,warm,3,70,0.5,0.2,fixed,1000,1000,1000,2,1,1,2415,3101,4.24712546200044
50,iterative,dual,warm,4,70,0.5,0.2,fixed,1000,1000,1000,2,1,1,2415,4101,11.435124095999527
50,iterative,dual,warm,5,70,0.5,0.2,fixed,1000,1000,1000,2,1,1,2415,5101,21.318680215999848
50,iterative,dual,warm,6,70,0.5,0.2,fixed,1000,1000,1000,2,1,1,2415,6101,21.01758130899998
50,iterative,dual,warm,7,70,0.5,0.2,fixed,1000,1000,1000,2,1,1,2415,7101,16.352611979000358
50,iterative,dual,warm,8,70,0.5,0.2,fixed,1000,1000,1000,2,1,1,2415,8101,6.4594497360003515
50,iterative,dual,warm,9,70,0.5,0.2,fixed,1000,1000,256,2,1,1,2415,8357,2.2927920419997463
50,iterative,dual,warm,10,70,0.5,0.2,fixed,1000,1000,52,2,1,1,2415,8409,0.8944056350001119
51,once,dual,cold,0,70,0.5,0.2,fixed,1000,218960,218960,1,1,1,2415,218961,78.85750852000001
51,iterative,dual,warm,0,70,0.5,0.2,fixed,1000,100,100,1,0.1,1,2415,101,0.005989491999571328
51,iterative,dual,warm,1,70,0.5,0.2,fixed,1000,1000,1000,1,0.1,0.1,2415,1101,0.028674649000095087
51,iterative,dual,warm,2,70,0.5,0.2,fixed,1000,1000,1000,1,0.1,0.1,2415,2101,0.15241269599937368
51,iterative,dual,warm,3,70,0.5,0.2,fixed,1000,1000,1000,1,0.1,0.1,2415,3101,3.784497798999837
51,iterative,dual,warm,4,70,0.5,0.2,fixed,1000,1000,1000,1,0.1,0.1,2415,4101,11.757296009000129
51,iterative,dual,warm,5,70,0.5,0.2,fixed,1000,1000,1000,1,0.1,0.1,2415,5101,21.18910634799977
51,iterative,dual,warm,6,70,0.5,0.2,fixed,1000,1000,1000,1,0.1,0.1,2415,6101,8.698387030999584
51,iterative,dual,warm,7,70,0.5,0.2,fixed,1000,1000,134,1,0.1,1,2415,6235,0.028277438999793958
52,once,dual,cold,0,70,0.5,0.2,fixed,1000,218960,218960,0,1,1,2415,218961,144.3637795550003
52,iterative,dual,warm,0,70,0.5,0.2,fixed,1000,100,100,0,0.01,1,2415,101,0.006554286999744363
52,iterative,dual,warm,1,70,0.5,0.2,fixed,1000,1000,1000,0,0.01,0.1,2415,1101,0.03022898599920154
52,iterative,dual,warm,2,70,0.5,0.2,fixed,1000,1000,1000,0,0.01,0.1,2415,2101,0.15951505600060045
52,iterative,dual,warm,3,70,0.5,0.2,fixed,1000,1000,1000,0,0.01,0.1,2415,3101,4.252191018000303
52,iterative,dual,warm,4,70,0.5,0.2,fixed,1000,1000,1000,0,0.01,0.1,2415,4101,13.359959909000281
52,iterative,dual,warm,5,70,0.5,0.2,fixed,1000,1000,1000,0,0.01,0.1,2415,5101,21.6159275910004
52,iterative,dual,warm,6,70,0.5,0.2,fixed,1000,1000,1000,0,0.01,0.1,2415,6101,23.212455114000477
52,iterative,dual,warm,7,70,0.5,0.2,fixed,1000,1000,1000,0,0.01,0.1,2415,7101,16.866296745999534
52,iterative,dual,warm,8,70,0.5,0.2,fixed,1000,1000,1000,0,0.01,1,2415,8101,10.044362318000822
52,iterative,dual,warm,9,70,0.5,0.2,fixed,1000,1000,403,0,0.01,1,2415,8504,4.9162866759998
52,iterative,dual,warm,10,70,0.5,0.2,fixed,1000,1000,67,0,0.01,1,2415,8571,1.3666368409994902
52,iterative,dual,warm,11,70,0.5,0.2,fixed,1000,1000,38,0,0.01,1,2415,8609,0.3042534500000329
53,once,dual,cold,0,70,0.5,0.2,fixed,3000,218960,218960,1,1,1,2415,218961,100.24029763999988
53,iterative,dual,warm,0,70,0.5,0.2,fixed,3000,100,100,1,1,1,2415,101,0.006048281000403222
53,iterative,dual,warm,1,70,0.5,0.2,fixed,3000,3000,3000,1,1,1,2415,3101,0.6924511049992361
53,iterative,dual,warm,2,70,0.5,0.2,fixed,3000,3000,3000,1,1,1,2415,6101,22.845863286000167
53,iterative,dual,warm,3,70,0.5,0.2,fixed,3000,3000,3000,1,1,1,2415,9101,24.187684864999937
53,iterative,dual,warm,4,70,0.5,0.2,fixed,3000,3000,500,1,1,1,2415,9601,1.002214496000306
54,once,dual,cold,0,70,0.5,0.2,fixed,3000,218960,218960,0,1,1,2415,218961,72.7841430919998
54,iterative,dual,warm,0,70,0.5,0.2,fixed,3000,100,100,0,0.1,1,2415,101,0.006037169000592257
54,iterative,dual,warm,1,70,0.5,0.2,fixed,3000,3000,3000,0,0.1,1,2415,3101,0.5778148109993708
54,iterative,dual,warm,2,70,0.5,0.2,fixed,3000,3000,3000,0,0.1,0.1,2415,6101,23.05585238799995
54,iterative,dual,warm,3,70,0.5,0.2,fixed,3000,3000,3000,0,0.1,1,2415,9101,12.238892977999967
55,once,dual,cold,0,70,0.5,0.2,fixed,10000,218960,218960,1,1,1,2415,218961,136.86046812899986
55,iterative,dual,warm,0,70,0.5,0.2,fixed,10000,100,100,1,1,1,2415,101,0.0067420819996186765
55,iterative,dual,warm,1,70,0.5,0.2,fixed,10000,10000,10000,1,1,1,2415,10101,30.42000930500035
55,iterative,dual,warm,2,70,0.5,0.2,fixed,10000,10000,10000,1,1,1,2415,20101,82.5041649650002
55,iterative,dual,warm,3,70,0.5,0.2,fixed,10000,10000,188,1,1,1,2415,20289,1.998703027999909
56,once,dual,cold,0,70,0.5,0.2,fixed,10000,218960,218960,0,1,1,2415,218961,81.99631345499984
56,iterative,dual,warm,0,70,0.5,0.2,fixed,10000,100,100,0,0.1,1,2415,101,0.006605885000681155
56,iterative,dual,warm,1,70,0.5,0.2,fixed,10000,10000,10000,0,0.1,1,2415,10101,18.684891244000028
56,iterative,dual,warm,2,70,0.5,0.2,fixed,10000,10000,10000,0,0.1,1,2415,20101,65.61127030999978
56,iterative,dual,warm,3,70,0.5,0.2,fixed,10000,10000,648,0,0.1,1,2415,20749,0.6182297999994262
57,once,dual,cold,0,70,0.5,0.2,fixed,30000,218960,218960,0,1,1,2415,218961,124.40392071899987
57,iterative,dual,warm,0,70,0.5,0.2,fixed,30000,100,100,0,1,1,2415,101,0.006691358999887598
57,iterative,dual,warm,1,70,0.5,0.2,fixed,30000,30000,25592,0,1,1,2415,25693,68.0943168219992
57,iterative,dual,warm,2,70,0.5,0.2,fixed,30000,30000,14328,0,1,1,2415,40021,91.39688638500047
58,once,dual,cold,0,70,0.5,0.2,fixed,100000,218960,218960,0,1,1,2415,218961,135.33955940399937
58,iterative,dual,warm,0,70,0.5,0.2,fixed,100000,100,100,0,1,1,2415,101,0.006780204999813577
58,iterative,dual,warm,1,70,0.5,0.2,fixed,100000,100000,26880,0,1,1,2415,26981,82.93669372600016
58,iterative,dual,warm,2,70,0.5,0.2,fixed,100000,100000,15023,0,1,1,2415,42004,115.71330580499944
58,iterative,dual,warm,3,70,0.5,0.2,fixed,100000,100000,329,0,1,1,2415,42333,4.8239707089996955
58,iterative,dual,warm,4,70,0.5,0.2,fixed,100000,100000,4,0,1,1,2415,42337,0.9625015820001863
59,once,dual,cold,0,70,0.5,0.2,fixed,300000,218960,218960,0,1,1,2415,218961,111.63206876200002
59,iterative,dual,warm,0,70,0.5,0.2,fixed,300000,100,100,0,1,1,2415,101,0.00683681999998953
59,iterative,dual,warm,1,70,0.5,0.2,fixed,300000,300000,26682,0,1,1,2415,26783,85.7496639839992
59,iterative,dual,warm,2,70,0.5,0.2,fixed,300000,300000,15811,0,1,1,2415,42594,99.7978788370001
59,iterative,dual,warm,3,70,0.5,0.2,fixed,300000,300000,473,0,1,1,2415,43067,0.6784279430003153
60,once,dual,cold,0,70,0.8,0.1,fixed,1000,218960,218960,2,1,1,2415,218961,14.027094971000224
60,iterative,dual,warm,0,70,0.8,0.1,fixed,1000,100,100,2,1,1,2415,101,0.007600633999572892
60,iterative,dual,warm,1,70,0.8,0.1,fixed,1000,1000,1000,2,1,1,2415,1101,0.023670999000387383
60,iterative,dual,warm,2,70,0.8,0.1,fixed,1000,1000,1000,2,1,1,2415,2101,0.017075736000151664
60,iterative,dual,warm,3,70,0.8,0.1,fixed,1000,1000,1000,2,1,1,2415,3101,0.008719088999896485
61,once,dual,cold,0,70,0.8,0.1,fixed,1000,218960,218960,1,1,1,2415,218961,10.999725179999587
61,iterative,dual,warm,0,70,0.8,0.1,fixed,1000,100,100,1,0.1,1,2415,101,0.006679468999209348
61,iterative,dual,warm,1,70,0.8,0.1,fixed,1000,1000,1000,1,0.1,0.1,2415,1101,0.02357560200016451
61,iterative,dual,warm,2,70,0.8,0.1,fixed,1000,1000,1000,1,0.1,0.1,2415,2101,0.02704860300036671
61,iterative,dual,warm,3,70,0.8,0.1,fixed,1000,1000,1000,1,0.1,1,2415,3101,0.006668330000138667
62,once,dual,cold,0,70,0.8,0.1,fixed,1000,218960,218960,0,1,1,2415,218961,10.622199608000301
62,iterative,dual,warm,0,70,0.8,0.1,fixed,1000,100,100,0,0.01,1,2415,101,0.006965178999962518
62,iterative,dual,warm,1,70,0.8,0.1,fixed,1000,1000,1000,0,0.01,0.1,2415,1101,0.018703448000451317
62,iterative,dual,warm,2,70,0.8,0.1,fixed,1000,1000,1000,0,0.01,0.1,2415,2101,0.01419318399985059
62,iterative,dual,warm,3,70,0.8,0.1,fixed,1000,1000,727,0,0.01,1,2415,2828,0.005938502999924822
63,once,dual,cold,0,70,0.8,0.1,fixed,3000,218960,218960,1,1,1,2415,218961,12.189725307999652
63,iterative,dual,warm,0,70,0.8,0.1,fixed,3000,100,100,1,1,1,2415,101,0.0077281469993977225
63,iterative,dual,warm,1,70,0.8,0.1,fixed,3000,3000,3000,1,1,1,2415,3101,0.08015837900074985
63,iterative,dual,warm,2,70,0.8,0.1,fixed,3000,3000,2543,1,1,1,2415,5644,0.013242003999948793
64,once,dual,cold,0,70,0.8,0.1,fixed,3000,218960,218960,0,1,1,2415,218961,11.64725318299952
64,iterative,dual,warm,0,70,0.8,0.1,fixed,3000,100,100,0,0.1,1,2415,101,0.00739448900003481
64,iterative,dual,warm,1,70,0.8,0.1,fixed,3000,3000,3000,0,0.1,1,2415,3101,0.057097748999694886
64,iterative,dual,warm,2,70,0.8,0.1,fixed,3000,3000,2740,0,0.1,1,2415,5841,0.013750236999840126
65,once,dual,cold,0,70,0.8,0.1,fixed,10000,218960,218960,1,1,1,2415,218961,11.132869491000747
65,iterative,dual,warm,0,70,0.8,0.1,fixed,10000,100,100,1,1,1,2415,101,0.006277980000049865
65,iterative,dual,warm,1,70,0.8,0.1,fixed,10000,10000,10000,1,1,1,2415,10101,0.9113339619998442
65,iterative,dual,warm,2,70,0.8,0.1,fixed,10000,10000,5058,1,1,1,2415,15159,0.029726895999374392
66,once,dual,cold,0,70,0.8,0.1,fixed,10000,218960,218960,0,1,1,2415,218961,12.977961356999913
66,iterative,dual,warm,0,70,0.8,0.1,fixed,10000,100,100,0,0.1,1,2415,101,0.006828157000200008
66,iterative,dual,warm,1,70,0.8,0.1,fixed,10000,10000,10000,0,0.1,1,2415,10101,0.7814048940008433
66,iterative,dual,warm,2,70,0.8,0.1,fixed,10000,10000,6231,0,0.1,1,2415,16332,0.042225285000313306
67,once,dual,cold,0,70,0.8,0.1,fixed,30000,218960,218960,0,1,1,2415,218961,12.06763918500019
67,iterative,dual,warm,0,70,0.8,0.1,fixed,30000,100,100,0,1,1,2415,101,0.007413728999381419
67,iterative,dual,warm,1,70,0.8,0.1,fixed,30000,30000,20350,0,1,1,2415,20451,3.13539133499944
67,iterative,dual,warm,2,70,0.8,0.1,fixed,30000,30000,6841,0,1,1,2415,27292,0.09158834200025012
68,once,dual,cold,0,70,0.8,0.1,fixed,100000,218960,218960,0,1,1,2415,218961,11.086446994000653
68,iterative,dual,warm,0,70,0.8,0.1,fixed,100000,100,100,0,1,1,2415,101,0.0061580539995702566
68,iterative,dual,warm,1,70,0.8,0.1,fixed,100000,100000,20068,0,1,1,2415,20169,1.3948273830001199
68,iterative,dual,warm,2,70,0.8,0.1,fixed,100000,100000,4607,0,1,1,2415,24776,0.04742984600034106
69,once,dual,cold,0,70,0.8,0.1,fixed,300000,218960,218960,0,1,1,2415,218961,11.806523361000473
69,iterative,dual,warm,0,70,0.8,0.1,fixed,300000,100,100,0,1,1,2415,101,0.0075811209999301354
69,iterative,dual,warm,1,70,0.8,0.1,fixed,300000,300000,19846,0,1,1,2415,19947,1.253529128000082
69,iterative,dual,warm,2,70,0.8,0.1,fixed,300000,300000,6448,0,1,1,2415,26395,0.08146883200060984
70,once,dual,cold,0,70,0.8,0.2,fixed,1000,218960,218960,2,1,1,2415,218961,17.42654489100005
70,iterative,dual,warm,0,70,0.8,0.2,fixed,1000,100,100,2,1,1,2415,101,0.0076999109996904735
70,iterative,dual,warm,1,70,0.8,0.2,fixed,1000,1000,1000,2,1,1,2415,1101,0.028266925999560044
70,iterative,dual,warm,2,70,0.8,0.2,fixed,1000,1000,1000,2,1,1,2415,2101,0.05054184599975997
70,iterative,dual,warm,3,70,0.8,0.2,fixed,1000,1000,1000,2,1,1,2415,3101,0.008251538999502372
71,once,dual,cold,0,70,0.8,0.2,fixed,1000,218960,218960,1,1,1,2415,218961,15.916283634000138
71,iterative,dual,warm,0,70,0.8,0.2,fixed,1000,100,100,1,0.1,1,2415,101,0.007112520999726257
71,iterative,dual,warm,1,70,0.8,0.2,fixed,1000,1000,1000,1,0.1,0.1,2415,1101,0.016754171000684437
71,iterative,dual,warm,2,70,0.8,0.2,fixed,1000,1000,1000,1,0.1,0.1,2415,2101,0.01749143000051845
71,iterative,dual,warm,3,70,0.8,0.2,fixed,1000,1000,1000,1,0.1,1,2415,3101,0.006698979000248073
72,once,dual,cold,0,70,0.8,0.2,fixed,1000,218960,218960,0,1,1,2415,218961,17.516873260000466
72,iterative,dual,warm,0,70,0.8,0.2,fixed,1000,100,100,0,0.01,1,2415,101,0.007491502999982913
72,iterative,dual,warm,1,70,0.8,0.2,fixed,1000,1000,1000,0,0.01,0.1,2415,1101,0.017648713999733445
72,iterative,dual,warm,2,70,0.8,0.2,fixed,1000,1000,1000,0,0.01,0.1,2415,2101,0.021440460000121675
72,iterative,dual,warm,3,70,0.8,0.2,fixed,1000,1000,1000,0,0.01,1,2415,3101,0.009031552000124066
73,once,dual,cold,0,70,0.8,0.2,fixed,3000,218960,218960,1,1,1,2415,218961,18.333775733999573
73,iterative,dual,warm,0,70,0.8,0.2,fixed,3000,100,100,1,1,1,2415,101,0.0069739680002385285
73,iterative,dual,warm,1,70,0.8,0.2,fixed,3000,3000,3000,1,1,1,2415,3101,0.034076076000019384
73,iterative,dual,warm,2,70,0.8,0.2,fixed,3000,3000,530,1,1,1,2415,3631,0.0066460980006013415
74,once,dual,cold,0,70,0.8,0.2,fixed,3000,218960,218960,0,1,1,2415,218961,19.319512643000053
74,iterative,dual,warm,0,70,0.8,0.2,fixed,3000,100,100,0,0.1,1,2415,101,0.007137212000088766
74,iterative,dual,warm,1,70,0.8,0.2,fixed,3000,3000,3000,0,0.1,1,2415,3101,0.12537480799983314
74,iterative,dual,warm,2,70,0.8,0.2,fixed,3000,3000,1365,0,0.1,1,2415,4466,0.009505897999588342
75,once,dual,cold,0,70,0.8,0.2,fixed,10000,218960,218960,1,1,1,2415,218961,17.621200016999865
75,iterative,dual,warm,0,70,0.8,0.2,fixed,10000,100,100,1,1,1,2415,101,0.007574655999633251
75,iterative,dual,warm,1,70,0.8,0.2,fixed,10000,10000,10000,1,1,1,2415,10101,1.4246967010003573
75,iterative,dual,warm,2,70,0.8,0.2,fixed,10000,10000,770,1,1,1,2415,10871,0.022974749999775668
76,once,dual,cold,0,70,0.8,0.2,fixed,10000,218960,218960,0,1,1,2415,218961,20.412716582999565
76,iterative,dual,warm,0,70,0.8,0.2,fixed,10000,100,100,0,0.1,1,2415,101,0.007518742999309325
76,iterative,dual,warm,1,70,0.8,0.2,fixed,10000,10000,10000,0,0.1,1,2415,10101,1.758121883000058
76,iterative,dual,warm,2,70,0.8,0.2,fixed,10000,10000,1130,0,0.1,1,2415,11231,0.02020755499961524
77,once,dual,cold,0,70,0.8,0.2,fixed,30000,218960,218960,0,1,1,2415,218961,17.02505286199994
77,iterative,dual,warm,0,70,0.8,0.2,fixed,30000,100,100,0,1,1,2415,101,0.006932182000127796
77,iterative,dual,warm,1,70,0.8,0.2,fixed,30000,30000,21382,0,1,1,2415,21483,19.327265944999453
77,iterative,dual,warm,2,70,0.8,0.2,fixed,30000,30000,271,0,1,1,2415,21754,0.03477599000052578
78,once,dual,cold,0,70,0.8,0.2,fixed,100000,218960,218960,0,1,1,2415,218961,18.167482668000048
78,iterative,dual,warm,0,70,0.8,0.2,fixed,100000,100,100,0,1,1,2415,101,0.006917089000125998
78,iterative,dual,warm,1,70,0.8,0.2,fixed,100000,100000,22076,0,1,1,2415,22177,20.388291124000716
78,iterative,dual,warm,2,70,0.8,0.2,fixed,100000,100000,571,0,1,1,2415,22748,0.03982113700021728
79,once,dual,cold,0,70,0.8,0.2,fixed,300000,218960,218960,0,1,1,2415,218961,19.62314454599982
79,iterative,dual,warm,0,70,0.8,0.2,fixed,300000,100,100,0,1,1,2415,101,0.007684968999456032
79,iterative,dual,warm,1,70,0.8,0.2,fixed,300000,300000,22001,0,1,1,2415,22102,5.3580118449999645
79,iterative,dual,warm,2,70,0.8,0.2,fixed,300000,300000,406,0,1,1,2415,22508,0.25146069299989904
80,once,dual,cold,0,70,0.5,0.1,fixed,1000,218960,218960,2,1,1,2415,218961,29.357073732999197
80,iterative,dual,warm,0,70,0.5,0.1,fixed,1000,100,100,2,1,1,2415,101,0.006396134000169695
80,iterative,dual,warm,1,70,0.5,0.1,fixed,1000,1000,1000,2,1,1,2415,1101,0.032073698000203876
80,iterative,dual,warm,2,70,0.5,0.1,fixed,1000,1000,1000,2,1,1,2415,2101,0.07570577600017714
80,iterative,dual,warm,3,70,0.5,0.1,fixed,1000,1000,1000,2,1,1,2415,3101,1.5514261799999076
80,iterative,dual,warm,4,70,0.5,0.1,fixed,1000,1000,1000,2,1,1,2415,4101,4.81002330299998
80,iterative,dual,warm,5,70,0.5,0.1,fixed,1000,1000,1000,2,1,1,2415,5101,0.09244763099923148
80,iterative,dual,warm,6,70,0.5,0.1,fixed,1000,1000,268,2,1,1,2415,5369,0.014359130000229925
81,once,dual,cold,0,70,0.5,0.1,fixed,1000,218960,218960,1,1,1,2415,218961,28.326967162000074
81,iterative,dual,warm,0,70,0.5,0.1,fixed,1000,100,100,1,0.1,1,2415,101,0.005951613999968686
81,iterative,dual,warm,1,70,0.5,0.1,fixed,1000,1000,1000,1,0.1,0.1,2415,1101,0.03208364999954938
81,iterative,dual,warm,2,70,0.5,0.1,fixed,1000,1000,1000,1,0.1,0.1,2415,2101,0.07161487499979557
81,iterative,dual,warm,3,70,0.5,0.1,fixed,1000,1000,1000,1,0.1,0.1,2415,3101,1.3464656800006196
81,iterative,dual,warm,4,70,0.5,0.1,fixed,1000,1000,1000,1,0.1,0.1,2415,4101,1.9369439129995953
81,iterative,dual,warm,5,70,0.5,0.1,fixed,1000,1000,1000,1,0.1,1,2415,5101,0.026114785000572738
82,once,dual,cold,0,70,0.5,0.1,fixed,1000,218960,218960,0,1,1,2415,218961,33.039153323999926
82,iterative,dual,warm,0,70,0.5,0.1,fixed,1000,100,100,0,0.01,1,2415,101,0.005887522000193712
82,iterative,dual,warm,1,70,0.5,0.1,fixed,1000,1000,1000,0,0.01,0.1,2415,1101,0.030167991999405785
82,iterative,dual,warm,2,70,0.5,0.1,fixed,1000,1000,1000,0,0.01,0.1,2415,2101,0.08898120999947423
82,iterative,dual,warm,3,70,0.5,0.1,fixed,1000,1000,1000,0,0.01,0.1,2415,3101,2.1549279079999906
82,iterative,dual,warm,4,70,0.5,0.1,fixed,1000,1000,1000,0,0.01,0.1,2415,4101,8.972114356999555
82,iterative,dual,warm,5,70,0.5,0.1,fixed,1000,1000,1000,0,0.01,0.1,2415,5101,0.3301507179994587
83,once,dual,cold,0,70,0.5,0.1,fixed,3000,218960,218960,1,1,1,2415,218961,26.179432513999927
83,iterative,dual,warm,0,70,0.5,0.1,fixed,3000,100,100,1,1,1,2415,101,0.006634308999309724
83,iterative,dual,warm,1,70,0.5,0.1,fixed,3000,3000,3000,1,1,1,2415,3101,0.21597695400032535
83,iterative,dual,warm,2,70,0.5,0.1,fixed,3000,3000,3000,1,1,1,2415,6101,0.5927973090001615
83,iterative,dual,warm,3,70,0.5,0.1,fixed,3000,3000,924,1,1,1,2415,7025,0.02307625299999927
84,once,dual,cold,0,70,0.5,0.1,fixed,3000,218960,218960,0,1,1,2415,218961,31.529241459999866
84,iterative,dual,warm,0,70,0.5,0.1,fixed,3000,100,100,0,0.1,1,2415,101,0.006327273000351852
84,iterative,dual,warm,1,70,0.5,0.1,fixed,3000,3000,3000,0,0.1,1,2415,3101,0.1743900269993901
84,iterative,dual,warm,2,70,0.5,0.1,fixed,3000,3000,3000,0,0.1,0.1,2415,6101,4.925341182000011
84,iterative,dual,warm,3,70,0.5,0.1,fixed,3000,3000,1577,0,0.1,1,2415,7678,0.03298569299931842
85,once,dual,cold,0,70,0.5,0.1,fixed,10000,218960,218960,1,1,1,2415,218961,28.863497610000195
85,iterative,dual,warm,0,70,0.5,0.1,fixed,10000,100,100,1,1,1,2415,101,0.005932027999733691
85,iterative,dual,warm,1,70,0.5,0.1,fixed,10000,10000,10000,1,1,1,2415,10101,0.5449588400006178
85,iterative,dual,warm,2,70,0.5,0.1,fixed,10000,10000,6860,1,1,1,2415,16961,5.1481166410003425
85,iterative,dual,warm,3,70,0.5,0.1,fixed,10000,10000,456,1,1,1,2415,17417,0.14371872500032623
86,once,dual,cold,0,70,0.5,0.1,fixed,10000,218960,218960,0,1,1,2415,218961,31.426119175999702
86,iterative,dual,warm,0,70,0.5,0.1,fixed,10000,100,100,0,0.1,1,2415,101,0.006417214000066451
86,iterative,dual,warm,1,70,0.5,0.1,fixed,10000,10000,10000,0,0.1,1,2415,10101,0.48034530600034486
86,iterative,dual,warm,2,70,0.5,0.1,fixed,10000,10000,7848,0,0.1,1,2415,17949,4.731709810999746
86,iterative,dual,warm,3,70,0.5,0.1,fixed,10000,10000,763,0,0.1,1,2415,18712,0.14806649799993465
87,once,dual,cold,0,70,0.5,0.1,fixed,30000,218960,218960,0,1,1,2415,218961,23.724335899000835
87,iterative,dual,warm,0,70,0.5,0.1,fixed,30000,100,100,0,1,1,2415,101,0.006447455000852642
87,iterative,dual,warm,1,70,0.5,0.1,fixed,30000,30000,23892,0,1,1,2415,23993,10.708288314000129
87,iterative,dual,warm,2,70,0.5,0.1,fixed,30000,30000,18035,0,1,1,2415,42028,5.71956981600033
88,once,dual,cold,0,70,0.5,0.1,fixed,100000,218960,218960,0,1,1,2415,218961,34.67255231299987
88,iterative,dual,warm,0,70,0.5,0.1,fixed,100000,100,100,0,1,1,2415,101,0.005828459000440489
88,iterative,dual,warm,1,70,0.5,0.1,fixed,100000,100000,24332,0,1,1,2415,24433,16.93006683600015
88,iterative,dual,warm,2,70,0.5,0.1,fixed,100000,100000,19916,0,1,1,2415,44349,15.030558835000193
89,once,dual,cold,0,70,0.5,0.1,fixed,300000,218960,218960,0,1,1,2415,218961,29.707120261000455
89,iterative,dual,warm,0,70,0.5,0.1,fixed,300000,100,100,0,1,1,2415,101,0.005897930001083296
89,iterative,dual,warm,1,70,0.5,0.1,fixed,300000,300000,23934,0,1,1,2415,24035,14.102445518999957
89,iterative,dual,warm,2,70,0.5,0.1,fixed,300000,300000,16827,0,1,1,2415,40862,36.369458787999974
89,iterative,dual,warm,3,70,0.5,0.1,fixed,300000,300000,534,0,1,1,2415,41396,0.17670475100021577
90,once,dual,cold,0,70,0.5,0.2,fixed,1000,218960,218960,2,1,1,2415,218961,74.46120826600054
90,iterative,dual,warm,0,70,0.5,0.2,fixed,1000,100,100,2,1,1,2415,101,0.0068831030002911575
90,iterative,dual,warm,1,70,0.5,0.2,fixed,1000,1000,1000,2,1,1,2415,1101,0.028901081001095008
90,iterative,dual,warm,2,70,0.5,0.2,fixed,1000,1000,1000,2,1,1,2415,2101,0.2734410889988794
90,iterative,dual,warm,3,70,0.5,0.2,fixed,1000,1000,1000,2,1,1,2415,3101,4.646321546999388
90,iterative,dual,warm,4,70,0.5,0.2,fixed,1000,1000,1000,2,1,1,2415,4101,11.380632344998958
90,iterative,dual,warm,5,70,0.5,0.2,fixed,1000,1000,1000,2,1,1,2415,5101,19.482751206998728
90,iterative,dual,warm,6,70,0.5,0.2,fixed,1000,1000,1000,2,1,1,2415,6101,4.705402232000779
91,once,dual,cold,0,70,0.5,0.2,fixed,1000,218960,218960,1,1,1,2415,218961,100.61528441900009
91,iterative,dual,warm,0,70,0.5,0.2,fixed,1000,100,100,1,0.1,1,2415,101,0.005948965001152828
91,iterative,dual,warm,1,70,0.5,0.2,fixed,1000,1000,1000,1,0.1,0.1,2415,1101,0.032401283000581316
91,iterative,dual,warm,2,70,0.5,0.2,fixed,1000,1000,1000,1,0.1,0.1,2415,2101,0.2433441880002647
91,iterative,dual,warm,3,70,0.5,0.2,fixed,1000,1000,1000,1,0.1,0.1,2415,3101,4.229594624999663
91,iterative,dual,warm,4,70,0.5,0.2,fixed,1000,1000,1000,1,0.1,0.1,2415,4101,12.90867424300086
91,iterative,dual,warm,5,70,0.5,0.2,fixed,1000,1000,1000,1,0.1,0.1,2415,5101,19.421839106000334
91,iterative,dual,warm,6,70,0.5,0.2,fixed,1000,1000,1000,1,0.1,0.1,2415,6101,18.665112998998666
91,iterative,dual,warm,7,70,0.5,0.2,fixed,1000,1000,1000,1,0.1,0.1,2415,7101,12.631690415000776
92,once,dual,cold,0,70,0.5,0.2,fixed,1000,218960,218960,0,1,1,2415,218961,76.14929911699983
92,iterative,dual,warm,0,70,0.5,0.2,fixed,1000,100,100,0,0.01,1,2415,101,0.005829878999065841
92,iterative,dual,warm,1,70,0.5,0.2,fixed,1000,1000,1000,0,0.01,0.1,2415,1101,0.027157152999279788
92,iterative,dual,warm,2,70,0.5,0.2,fixed,1000,1000,1000,0,0.01,0.1,2415,2101,0.1683619519990316
92,iterative,dual,warm,3,70,0.5,0.2,fixed,1000,1000,1000,0,0.01,0.1,2415,3101,3.6077536979992146
92,iterative,dual,warm,4,70,0.5,0.2,fixed,1000,1000,1000,0,0.01,0.1,2415,4101,14.769219825000619
92,iterative,dual,warm,5,70,0.5,0.2,fixed,1000,1000,1000,0,0.01,0.1,2415,5101,18.923033954999482
92,iterative,dual,warm,6,70,0.5,0.2,fixed,1000,1000,1000,0,0.01,0.1,2415,6101,5.976796048000324
93,once,dual,cold,0,70,0.5,0.2,fixed,3000,218960,218960,1,1,1,2415,218961,86.19928461699965
93,iterative,dual,warm,0,70,0.5,0.2,fixed,3000,100,100,1,1,1,2415,101,0.006355424999128445
93,iterative,dual,warm,1,70,0.5,0.2,fixed,3000,3000,3000,1,1,1,2415,3101,0.6794450739998865
93,iterative,dual,warm,2,70,0.5,0.2,fixed,3000,3000,3000,1,1,1,2415,6101,25.905463469000097
93,iterative,dual,warm,3,70,0.5,0.2,fixed,3000,3000,3000,1,1,1,2415,9101,13.666894928999682
93,iterative,dual,warm,4,70,0.5,0.2,fixed,3000,3000,332,1,1,1,2415,9433,0.21877491699888196
94,once,dual,cold,0,70,0.5,0.2,fixed,3000,218960,218960,0,1,1,2415,218961,90.5259332810001
94,iterative,dual,warm,0,70,0.5,0.2,fixed,3000,100,100,0,0.1,1,2415,101,0.006487783999546082
94,iterative,dual,warm,1,70,0.5,0.2,fixed,3000,3000,3000,0,0.1,1,2415,3101,0.8225392879994615
94,iterative,dual,warm,2,70,0.5,0.2,fixed,3000,3000,3000,0,0.1,0.1,2415,6101,25.18459833399902
94,iterative,dual,warm,3,70,0.5,0.2,fixed,3000,3000,3000,0,0.1,1,2415,9101,24.27556875600021
95,once,dual,cold,0,70,0.5,0.2,fixed,10000,218960,218960,1,1,1,2415,218961,92.60498161100077
95,iterative,dual,warm,0,70,0.5,0.2,fixed,10000,100,100,1,1,1,2415,101,0.006353716000376153
95,iterative,dual,warm,1,70,0.5,0.2,fixed,10000,10000,10000,1,1,1,2415,10101,26.356946321999203
95,iterative,dual,warm,2,70,0.5,0.2,fixed,10000,10000,10000,1,1,1,2415,20101,100.7039322419987
95,iterative,dual,warm,3,70,0.5,0.2,fixed,10000,10000,571,1,1,1,2415,20672,0.24576775300010922
96,once,dual,cold,0,70,0.5,0.2,fixed,10000,218960,218960,0,1,1,2415,218961,92.07155990499996
96,iterative,dual,warm,0,70,0.5,0.2,fixed,10000,100,100,0,0.1,1,2415,101,0.006546651000462589
96,iterative,dual,warm,1,70,0.5,0.2,fixed,10000,10000,10000,0,0.1,1,2415,10101,24.97599209100008
96,iterative,dual,warm,2,70,0.5,0.2,fixed,10000,10000,10000,0,0.1,1,2415,20101,27.517127916999016
96,iterative,dual,warm,3,70,0.5,0.2,fixed,10000,10000,68,0,0.1,1,2415,20169,17.7052784589996
96,iterative,dual,warm,4,70,0.5,0.2,fixed,10000,10000,352,0,0.1,1,2415,20521,2.3806419020002068
96,iterative,dual,warm,5,70,0.5,0.2,fixed,10000,10000,27,0,0.1,1,2415,20548,0.07652330299970345
97,once,dual,cold,0,70,0.5,0.2,fixed,30000,218960,218960,0,1,1,2415,218961,103.47435343199868
97,iterative,dual,warm,0,70,0.5,0.2,fixed,30000,100,100,0,1,1,2415,101,0.006856979000076535
97,iterative,dual,warm,1,70,0.5,0.2,fixed,30000,30000,27248,0,1,1,2415,27349,95.73501890999978
97,iterative,dual,warm,2,70,0.5,0.2,fixed,30000,30000,13072,0,1,1,2415,40421,97.81896246399992
97,iterative,dual,warm,3,70,0.5,0.2,fixed,30000,30000,647,0,1,1,2415,41068,8.2976664229991
98,once,dual,cold,0,70,0.5,0.2,fixed,100000,218960,218960,0,1,1,2415,218961,139.94764522399964
98,iterative,dual,warm,0,70,0.5,0.2,fixed,100000,100,100,0,1,1,2415,101,0.006679534999420866
98,iterative,dual,warm,1,70,0.5,0.2,fixed,100000,100000,25218,0,1,1,2415,25319,63.83551947700107
98,iterative,dual,warm,2,70,0.5,0.2,fixed,100000,100000,14222,0,1,1,2415,39541,121.92010628800017
98,iterative,dual,warm,3,70,0.5,0.2,fixed,100000,100000,681,0,1,1,2415,40222,5.7861503130006895
99,once,dual,cold,0,70,0.5,0.2,fixed,300000,218960,218960,0,1,1,2415,218961,75.50231913300013
99,iterative,dual,warm,0,70,0.5,0.2,fixed,300000,100,100,0,1,1,2415,101,0.006532579000122496
99,iterative,dual,warm,1,70,0.5,0.2,fixed,300000,300000,26020,0,1,1,2415,26121,69.306584811
99,iterative,dual,warm,2,70,0.5,0.2,fixed,300000,300000,12256,0,1,1,2415,38377,24.027983011999822
100,once,dual,cold,0,70,0.8,0.1,fixed,1000,218960,218960,2,1,1,2415,218961,13.673900854999374
100,iterative,dual,warm,0,70,0.8,0.1,fixed,1000,100,100,2,1,1,2415,101,0.0076383950017770985
100,iterative,dual,warm,1,70,0.8,0.1,fixed,1000,1000,1000,2,1,1,2415,1101,0.01923613600047247
100,iterative,dual,warm,2,70,0.8,0.1,fixed,1000,1000,1000,2,1,1,2415,2101,0.022047255999495974
100,iterative,dual,warm,3,70,0.8,0.1,fixed,1000,1000,1000,2,1,1,2415,3101,0.007636233000084758
101,once,dual,cold,0,70,0.8,0.1,fixed,1000,218960,218960,1,1,1,2415,218961,13.203447156000038
101,iterative,dual,warm,0,70,0.8,0.1,fixed,1000,100,100,1,0.1,1,2415,101,0.007415504000164219
101,iterative,dual,warm,1,70,0.8,0.1,fixed,1000,1000,1000,1,0.1,0.1,2415,1101,0.018864827001380036
101,iterative,dual,warm,2,70,0.8,0.1,fixed,1000,1000,1000,1,0.1,0.1,2415,2101,0.03958313099974475
101,iterative,dual,warm,3,70,0.8,0.1,fixed,1000,1000,1000,1,0.1,1,2415,3101,0.006454649999795947
102,once,dual,cold,0,70,0.8,0.1,fixed,1000,218960,218960,0,1,1,2415,218961,13.624428728999192
102,iterative,dual,warm,0,70,0.8,0.1,fixed,1000,100,100,0,0.01,1,2415,101,0.007634135999978753
102,iterative,dual,warm,1,70,0.8,0.1,fixed,1000,1000,1000,0,0.01,0.1,2415,1101,0.021362569999837433
102,iterative,dual,warm,2,70,0.8,0.1,fixed,1000,1000,1000,0,0.01,0.1,2415,2101,0.017416925000361516
102,iterative,dual,warm,3,70,0.8,0.1,fixed,1000,1000,398,0,0.01,1,2415,2499,0.005846422000104212
103,once,dual,cold,0,70,0.8,0.1,fixed,3000,218960,218960,1,1,1,2415,218961,12.70153317400036
103,iterative,dual,warm,0,70,0.8,0.1,fixed,3000,100,100,1,1,1,2415,101,0.0077514130007330095
103,iterative,dual,warm,1,70,0.8,0.1,fixed,3000,3000,3000,1,1,1,2415,3101,0.060199412999281776
103,iterative,dual,warm,2,70,0.8,0.1,fixed,3000,3000,1717,1,1,1,2415,4818,0.012381780999930925
104,once,dual,cold,0,70,0.8,0.1,fixed,3000,218960,218960,0,1,1,2415,218961,10.21580118899874
104,iterative,dual,warm,0,70,0.8,0.1,fixed,3000,100,100,0,0.1,1,2415,101,0.006971970000449801
104,iterative,dual,warm,1,70,0.8,0.1,fixed,3000,3000,3000,0,0.1,1,2415,3101,0.05873255300139135
104,iterative,dual,warm,2,70,0.8,0.1,fixed,3000,3000,1181,0,0.1,1,2415,4282,0.00854469800106017
105,once,dual,cold,0,70,0.8,0.1,fixed,10000,218960,218960,1,1,1,2415,218961,10.871229188000143
105,iterative,dual,warm,0,70,0.8,0.1,fixed,10000,100,100,1,1,1,2415,101,0.007785590998537373
105,iterative,dual,warm,1,70,0.8,0.1,fixed,10000,10000,10000,1,1,1,2415,10101,0.9060663789987302
105,iterative,dual,warm,2,70,0.8,0.1,fixed,10000,10000,8790,1,1,1,2415,18891,0.04949965000014345
106,once,dual,cold,0,70,0.8,0.1,fixed,10000,218960,218960,0,1,1,2415,218961,11.677891334999003
106,iterative,dual,warm,0,70,0.8,0.1,fixed,10000,100,100,0,0.1,1,2415,101,0.007663599000807153
106,iterative,dual,warm,1,70,0.8,0.1,fixed,10000,10000,10000,0,0.1,1,2415,10101,0.7061819770005968
106,iterative,dual,warm,2,70,0.8,0.1,fixed,10000,10000,7253,0,0.1,1,2415,17354,0.04612531000020681
107,once,dual,cold,0,70,0.8,0.1,fixed,30000,218960,218960,0,1,1,2415,218961,11.889599428999645
107,iterative,dual,warm,0,70,0.8,0.1,fixed,30000,100,100,0,1,1,2415,101,0.007143957998778205
107,iterative,dual,warm,1,70,0.8,0.1,fixed,30000,30000,19896,0,1,1,2415,19997,1.4532235679998848
107,iterative,dual,warm,2,70,0.8,0.1,fixed,30000,30000,5533,0,1,1,2415,25530,0.05465468900001724
108,once,dual,cold,0,70,0.8,0.1,fixed,100000,218960,218960,0,1,1,2415,218961,12.10115420999864
108,iterative,dual,warm,0,70,0.8,0.1,fixed,100000,100,100,0,1,1,2415,101,0.006359053999403841
108,iterative,dual,warm,1,70,0.8,0.1,fixed,100000,100000,20488,0,1,1,2415,20589,4.432793384001343
108,iterative,dual,warm,2,70,0.8,0.1,fixed,100000,100000,4492,0,1,1,2415,25081,0.04886962599994149
109,once,dual,cold,0,70,0.8,0.1,fixed,300000,218960,218960,0,1,1,2415,218961,10.729998714999965
109,iterative,dual,warm,0,70,0.8,0.1,fixed,300000,100,100,0,1,1,2415,101,0.006281375999606098
109,iterative,dual,warm,1,70,0.8,0.1,fixed,300000,300000,20546,0,1,1,2415,20647,3.8428171610012214
109,iterative,dual,warm,2,70,0.8,0.1,fixed,300000,300000,4685,0,1,1,2415,25332,0.051865592000467586
110,once,dual,cold,0,70,0.8,0.2,fixed,1000,218960,218960,2,1,1,2415,218961,19.674449078998805
110,iterative,dual,warm,0,70,0.8,0.2,fixed,1000,100,100,2,1,1,2415,101,0.007151993999286788
110,iterative,dual,warm,1,70,0.8,0.2,fixed,1000,1000,1000,2,1,1,2415,1101,0.03056913199907285
110,iterative,dual,warm,2,70,0.8,0.2,fixed,1000,1000,1000,2,1,1,2415,2101,0.045671933999983594
110,iterative,dual,warm,3,70,0.8,0.2,fixed,1000,1000,1000,2,1,1,2415,3101,0.02123489800032985
111,once,dual,cold,0,70,0.8,0.2,fixed,1000,218960,218960,1,1,1,2415,218961,19.898697238999375
111,iterative,dual,warm,0,70,0.8,0.2,fixed,1000,100,100,1,0.1,1,2415,101,0.00812567799948738
111,iterative,dual,warm,1,70,0.8,0.2,fixed,1000,1000,1000,1,0.1,0.1,2415,1101,0.01987621899934311
111,iterative,dual,warm,2,70,0.8,0.2,fixed,1000,1000,1000,1,0.1,0.1,2415,2101,0.04782259300009173
111,iterative,dual,warm,3,70,0.8,0.2,fixed,1000,1000,1000,1,0.1,1,2415,3101,0.03527840800052218
112,once,dual,cold,0,70,0.8,0.2,fixed,1000,218960,218960,0,1,1,2415,218961,16.72334603300078
112,iterative,dual,warm,0,70,0.8,0.2,fixed,1000,100,100,0,0.01,1,2415,101,0.008579905999795301
112,iterative,dual,warm,1,70,0.8,0.2,fixed,1000,1000,1000,0,0.01,0.1,2415,1101,0.03097238200098218
112,iterative,dual,warm,2,70,0.8,0.2,fixed,1000,1000,1000,0,0.01,0.1,2415,2101,0.02799952600071265
112,iterative,dual,warm,3,70,0.8,0.2,fixed,1000,1000,1000,0,0.01,1,2415,3101,0.008418052000706666
113,once,dual,cold,0,70,0.8,0.2,fixed,3000,218960,218960,1,1,1,2415,218961,18.294974344000366
113,iterative,dual,warm,0,70,0.8,0.2,fixed,3000,100,100,1,1,1,2415,101,0.0073394430000917055
113,iterative,dual,warm,1,70,0.8,0.2,fixed,3000,3000,3000,1,1,1,2415,3101,0.0991490310007066
113,iterative,dual,warm,2,70,0.8,0.2,fixed,3000,3000,800,1,1,1,2415,3901,0.009361235001051682
114,once,dual,cold,0,70,0.8,0.2,fixed,3000,218960,218960,0,1,1,2415,218961,18.80223951500011
114,iterative,dual,warm,0,70,0.8,0.2,fixed,3000,100,100,0,0.1,1,2415,101,0.007658481999897049
114,iterative,dual,warm,1,70,0.8,0.2,fixed,3000,3000,3000,0,0.1,1,2415,3101,0.04060312600086036
114,iterative,dual,warm,2,70,0.8,0.2,fixed,3000,3000,403,0,0.1,1,2415,3504,0.006530484999530017
115,once,dual,cold,0,70,0.8,0.2,fixed,10000,218960,218960,1,1,1,2415,218961,23.531656840999858
115,iterative,dual,warm,0,70,0.8,0.2,fixed,10000,100,100,1,1,1,2415,101,0.0072342029998253565
115,iterative,dual,warm,1,70,0.8,0.2,fixed,10000,10000,10000,1,1,1,2415,10101,1.8699994150010752
115,iterative,dual,warm,2,70,0.8,0.2,fixed,10000,10000,1129,1,1,1,2415,11230,0.026984049000020605
116,once,dual,cold,0,70,0.8,0.2,fixed,10000,218960,218960,0,1,1,2415,218961,21.26926490200094
116,iterative,dual,warm,0,70,0.8,0.2,fixed,10000,100,100,0,0.1,1,2415,101,0.007165525001255446
116,iterative,dual,warm,1,70,0.8,0.2,fixed,10000,10000,10000,0,0.1,1,2415,10101,1.657696117001251
116,iterative,dual,warm,2,70,0.8,0.2,fixed,10000,10000,1694,0,0.1,1,2415,11795,0.021654788999512675
117,once,dual,cold,0,70,0.8,0.2,fixed,30000,218960,218960,0,1,1,2415,218961,17.12215991099947
117,iterative,dual,warm,0,70,0.8,0.2,fixed,30000,100,100,0,1,1,2415,101,0.007199943000159692
117,iterative,dual,warm,1,70,0.8,0.2,fixed,30000,30000,21726,0,1,1,2415,21827,3.7408869939990836
117,iterative,dual,warm,2,70,0.8,0.2,fixed,30000,30000,542,0,1,1,2415,22369,0.23435312299989164
118,once,dual,cold,0,70,0.8,0.2,fixed,100000,218960,218960,0,1,1,2415,218961,16.54875198100126
118,iterative,dual,warm,0,70,0.8,0.2,fixed,100000,100,100,0,1,1,2415,101,0.0070210960002441425
118,iterative,dual,warm,1,70,0.8,0.2,fixed,100000,100000,21470,0,1,1,2415,21571,2.233463500999278
118,iterative,dual,warm,2,70,0.8,0.2,fixed,100000,100000,406,0,1,1,2415,21977,0.18670634999944014
119,once,dual,cold,0,70,0.8,0.2,fixed,300000,218960,218960,0,1,1,2415,218961,18.697831667001083
119,iterative,dual,warm,0,70,0.8,0.2,fixed,300000,100,100,0,1,1,2415,101,0.008167781999873114
119,iterative,dual,warm,1,70,0.8,0.2,fixed,300000,300000,21010,0,1,1,2415,21111,0.4795535419998487
119,iterative,dual,warm,2,70,0.8,0.2,fixed,300000,300000,268,0,1,1,2415,21379,0.05849355400096101
120,once,dual,cold,0,70,0.5,0.1,fixed,1000,218960,218960,2,1,1,2415,218961,29.707575067001017
120,iterative,dual,warm,0,70,0.5,0.1,fixed,1000,100,100,2,1,1,2415,101,0.006542236998939188
120,iterative,dual,warm,1,70,0.5,0.1,fixed,1000,1000,1000,2,1,1,2415,1101,0.029033195000010892
120,iterative,dual,warm,2,70,0.5,0.1,fixed,1000,1000,1000,2,1,1,2415,2101,0.08543589999862888
120,iterative,dual,warm,3,70,0.5,0.1,fixed,1000,1000,1000,2,1,1,2415,3101,1.5437471559998812
120,iterative,dual,warm,4,70,0.5,0.1,fixed,1000,1000,1000,2,1,1,2415,4101,1.956705807999242
120,iterative,dual,warm,5,70,0.5,0.1,fixed,1000,1000,1000,2,1,1,2415,5101,0.019712522000190802
121,once,dual,cold,0,70,0.5,0.1,fixed,1000,218960,218960,1,1,1,2415,218961,28.074053198999536
121,iterative,dual,warm,0,70,0.5,0.1,fixed,1000,100,100,1,0.1,1,2415,101,0.0064940050015138695
121,iterative,dual,warm,1,70,0.5,0.1,fixed,1000,1000,1000,1,0.1,0.1,2415,1101,0.03233339299913496
121,iterative,dual,warm,2,70,0.5,0.1,fixed,1000,1000,1000,1,0.1,0.1,2415,2101,0.05688311199992313
121,iterative,dual,warm,3,70,0.5,0.1,fixed,1000,1000,1000,1,0.1,0.1,2415,3101,1.7441778050015273
121,iterative,dual,warm,4,70,0.5,0.1,fixed,1000,1000,1000,1,0.1,0.1,2415,4101,3.4351566139994247
121,iterative,dual,warm,5,70,0.5,0.1,fixed,1000,1000,990,1,0.1,1,2415,5091,0.029409351998765487
122,once,dual,cold,0,70,0.5,0.1,fixed,1000,218960,218960,0,1,1,2415,218961,28.88386600299964
122,iterative,dual,warm,0,70,0.5,0.1,fixed,1000,100,100,0,0.01,1,2415,101,0.006546782000441453
122,iterative,dual,warm,1,70,0.5,0.1,fixed,1000,1000,1000,0,0.01,0.1,2415,1101,0.03211673300029361
122,iterative,dual,warm,2,70,0.5,0.1,fixed,1000,1000,1000,0,0.01,0.1,2415,2101,0.05605652399935934
122,iterative,dual,warm,3,70,0.5,0.1,fixed,1000,1000,1000,0,0.01,0.1,2415,3101,1.0620476370004326
122,iterative,dual,warm,4,70,0.5,0.1,fixed,1000,1000,1000,0,0.01,0.1,2415,4101,1.192751925000266
122,iterative,dual,warm,5,70,0.5,0.1,fixed,1000,1000,988,0,0.01,1,2415,5089,0.013784487999146222
123,once,dual,cold,0,70,0.5,0.1,fixed,3000,218960,218960,1,1,1,2415,218961,29.257236955001645
123,iterative,dual,warm,0,70,0.5,0.1,fixed,3000,100,100,1,1,1,2415,101,0.006454450000092038
123,iterative,dual,warm,1,70,0.5,0.1,fixed,3000,3000,3000,1,1,1,2415,3101,0.16173083500143548
123,iterative,dual,warm,2,70,0.5,0.1,fixed,3000,3000,3000,1,1,1,2415,6101,0.9940292749997752
123,iterative,dual,warm,3,70,0.5,0.1,fixed,3000,3000,1548,1,1,1,2415,7649,1.3759419029993296
123,iterative,dual,warm,4,70,0.5,0.1,fixed,3000,3000,939,1,1,1,2415,8588,0.02652867500000866
124,once,dual,cold,0,70,0.5,0.1,fixed,3000,218960,218960,0,1,1,2415,218961,30.739715297999282
124,iterative,dual,warm,0,70,0.5,0.1,fixed,3000,100,100,0,0.1,1,2415,101,0.006136128000434837
124,iterative,dual,warm,1,70,0.5,0.1,fixed,3000,3000,3000,0,0.1,1,2415,3101,0.2067614709994814
124,iterative,dual,warm,2,70,0.5,0.1,fixed,3000,3000,3000,0,0.1,0.1,2415,6101,3.3967741080014093
124,iterative,dual,warm,3,70,0.5,0.1,fixed,3000,3000,1373,0,0.1,1,2415,7474,0.028857489000074565
125,once,dual,cold,0,70,0.5,0.1,fixed,10000,218960,218960,1,1,1,2415,218961,32.11378892600078
125,iterative,dual,warm,0,70,0.5,0.1,fixed,10000,100,100,1,1,1,2415,101,0.006007699001202127
125,iterative,dual,warm,1,70,0.5,0.1,fixed,10000,10000,10000,1,1,1,2415,10101,0.8118613980004739
125,iterative,dual,warm,2,70,0.5,0.1,fixed,10000,10000,8069,1,1,1,2415,18170,7.637098451999918
125,iterative,dual,warm,3,70,0.5,0.1,fixed,10000,10000,636,1,1,1,2415,18806,0.26054150399977516
126,once,dual,cold,0,70,0.5,0.1,fixed,10000,218960,218960,0,1,1,2415,218961,33.236381266000535
126,iterative,dual,warm,0,70,0.5,0.1,fixed,10000,100,100,0,0.1,1,2415,101,0.0060986049993516644
126,iterative,dual,warm,1,70,0.5,0.1,fixed,10000,10000,10000,0,0.1,1,2415,10101,0.9559869929998968
126,iterative,dual,warm,2,70,0.5,0.1,fixed,10000,10000,6624,0,0.1,1,2415,16725,4.917545402000542
127,once,dual,cold,0,70,0.5,0.1,fixed,30000,218960,218960,0,1,1,2415,218961,35.00254422999933
127,iterative,dual,warm,0,70,0.5,0.1,fixed,30000,100,100,0,1,1,2415,101,0.006866527000966016
127,iterative,dual,warm,1,70,0.5,0.1,fixed,30000,30000,26496,0,1,1,2415,26597,42.5784388330012
127,iterative,dual,warm,2,70,0.5,0.1,fixed,30000,30000,14746,0,1,1,2415,41343,25.187523544000214
127,iterative,dual,warm,3,70,0.5,0.1,fixed,30000,30000,639,0,1,1,2415,41982,0.23797520399966743
128,once,dual,cold,0,70,0.5,0.1,fixed,100000,218960,218960,0,1,1,2415,218961,34.92694997400031
128,iterative,dual,warm,0,70,0.5,0.1,fixed,100000,100,100,0,1,1,2415,101,0.006638040998950601
128,iterative,dual,warm,1,70,0.5,0.1,fixed,100000,100000,26494,0,1,1,2415,26595,34.74888322799961
128,iterative,dual,warm,2,70,0.5,0.1,fixed,100000,100000,14536,0,1,1,2415,41131,31.163240585001404
128,iterative,dual,warm,3,70,0.5,0.1,fixed,100000,100000,707,0,1,1,2415,41838,0.27369343400096113
129,once,dual,cold,0,70,0.5,0.1,fixed,300000,218960,218960,0,1,1,2415,218961,29.02580556599969
129,iterative,dual,warm,0,70,0.5,0.1,fixed,300000,100,100,0,1,1,2415,101,0.006055785001080949
129,iterative,dual,warm,1,70,0.5,0.1,fixed,300000,300000,26768,0,1,1,2415,26869,23.037634729000274
129,iterative,dual,warm,2,70,0.5,0.1,fixed,300000,300000,16106,0,1,1,2415,42975,22.17421197799922
129,iterative,dual,warm,3,70,0.5,0.1,fixed,300000,300000,371,0,1,1,2415,43346,0.1348790949996328
130,once,dual,cold,0,70,0.5,0.2,fixed,1000,218960,218960,2,1,1,2415,218961,97.25332630999947
130,iterative,dual,warm,0,70,0.5,0.2,fixed,1000,100,100,2,1,1,2415,101,0.006005905001075007
130,iterative,dual,warm,1,70,0.5,0.2,fixed,1000,1000,1000,2,1,1,2415,1101,0.028005034999296186
130,iterative,dual,warm,2,70,0.5,0.2,fixed,1000,1000,1000,2,1,1,2415,2101,0.2964334209991648
130,iterative,dual,warm,3,70,0.5,0.2,fixed,1000,1000,1000,2,1,1,2415,3101,4.522263801000008
130,iterative,dual,warm,4,70,0.5,0.2,fixed,1000,1000,1000,2,1,1,2415,4101,11.10671228999854
130,iterative,dual,warm,5,70,0.5,0.2,fixed,1000,1000,1000,2,1,1,2415,5101,18.74189478900007
130,iterative,dual,warm,6,70,0.5,0.2,fixed,1000,1000,1000,2,1,1,2415,6101,20.64527945199916
130,iterative,dual,warm,7,70,0.5,0.2,fixed,1000,1000,1000,2,1,1,2415,7101,1.8366780249998556
131,once,dual,cold,0,70,0.5,0.2,fixed,1000,218960,218960,1,1,1,2415,218961,134.79009485799907
131,iterative,dual,warm,0,70,0.5,0.2,fixed,1000,100,100,1,0.1,1,2415,101,0.006777616999897873
131,iterative,dual,warm,1,70,0.5,0.2,fixed,1000,1000,1000,1,0.1,0.1,2415,1101,0.03240713299965137
131,iterative,dual,warm,2,70,0.5,0.2,fixed,1000,1000,1000,1,0.1,0.1,2415,2101,0.18627406199993857
131,iterative,dual,warm,3,70,0.5,0.2,fixed,1000,1000,1000,1,0.1,0.1,2415,3101,4.9343206730009115
131,iterative,dual,warm,4,70,0.5,0.2,fixed,1000,1000,1000,1,0.1,0.1,2415,4101,14.070340672000384
131,iterative,dual,warm,5,70,0.5,0.2,fixed,1000,1000,1000,1,0.1,0.1,2415,5101,22.914885502001198
131,iterative,dual,warm,6,70,0.5,0.2,fixed,1000,1000,1000,1,0.1,0.1,2415,6101,24.750994095998976
131,iterative,dual,warm,7,70,0.5,0.2,fixed,1000,1000,1000,1,0.1,0.1,2415,7101,19.179275213000437
131,iterative,dual,warm,8,70,0.5,0.2,fixed,1000,1000,1000,1,0.1,1,2415,8101,6.24566129699997
131,iterative,dual,warm,9,70,0.5,0.2,fixed,1000,1000,33,1,0.1,1,2415,8134,0.0341857080002228
132,once,dual,cold,0,70,0.5,0.2,fixed,1000,218960,218960,0,1,1,2415,218961,84.69553215500127
132,iterative,dual,warm,0,70,0.5,0.2,fixed,1000,100,100,0,0.01,1,2415,101,0.006478627999968012
132,iterative,dual,warm,1,70,0.5,0.2,fixed,1000,1000,1000,0,0.01,0.1,2415,1101,0.030834068998956354
132,iterative,dual,warm,2,70,0.5,0.2,fixed,1000,1000,1000,0,0.01,0.1,2415,2101,0.1277393039999879
132,iterative,dual,warm,3,70,0.5,0.2,fixed,1000,1000,1000,0,0.01,0.1,2415,3101,4.566277879999689
132,iterative,dual,warm,4,70,0.5,0.2,fixed,1000,1000,1000,0,0.01,0.1,2415,4101,12.649391579998337
132,iterative,dual,warm,5,70,0.5,0.2,fixed,1000,1000,1000,0,0.01,0.1,2415,5101,18.812525885001378
132,iterative,dual,warm,6,70,0.5,0.2,fixed,1000,1000,1000,0,0.01,0.1,2415,6101,20.669086044001233
132,iterative,dual,warm,7,70,0.5,0.2,fixed,1000,1000,1000,0,0.01,0.1,2415,7101,0.2410461059989757
133,once,dual,cold,0,70,0.5,0.2,fixed,3000,218960,218960,1,1,1,2415,218961,99.16455903499991
133,iterative,dual,warm,0,70,0.5,0.2,fixed,3000,100,100,1,1,1,2415,101,0.005953666001005331
133,iterative,dual,warm,1,70,0.5,0.2,fixed,3000,3000,3000,1,1,1,2415,3101,0.8746149590006098
133,iterative,dual,warm,2,70,0.5,0.2,fixed,3000,3000,3000,1,1,1,2415,6101,20.142992184000832
133,iterative,dual,warm,3,70,0.5,0.2,fixed,3000,3000,3000,1,1,1,2415,9101,17.13599419900129
133,iterative,dual,warm,4,70,0.5,0.2,fixed,3000,3000,615,1,1,1,2415,9716,2.125029930000892
134,once,dual,cold,0,70,0.5,0.2,fixed,3000,218960,218960,0,1,1,2415,218961,96.74329463999857
134,iterative,dual,warm,0,70,0.5,0.2,fixed,3000,100,100,0,0.1,1,2415,101,0.006558484001288889
134,iterative,dual,warm,1,70,0.5,0.2,fixed,3000,3000,3000,0,0.1,1,2415,3101,0.8419222620013898
134,iterative,dual,warm,2,70,0.5,0.2,fixed,3000,3000,3000,0,0.1,0.1,2415,6101,25.498269207000703
134,iterative,dual,warm,3,70,0.5,0.2,fixed,3000,3000,3000,0,0.1,1,2415,9101,27.57821728199997
135,once,dual,cold,0,70,0.5,0.2,fixed,10000,218960,218960,1,1,1,2415,218961,68.65770359900125
135,iterative,dual,warm,0,70,0.5,0.2,fixed,10000,100,100,1,1,1,2415,101,0.006531271999847377
135,iterative,dual,warm,1,70,0.5,0.2,fixed,10000,10000,10000,1,1,1,2415,10101,27.434105577000082
135,iterative,dual,warm,2,70,0.5,0.2,fixed,10000,10000,10000,1,1,1,2415,20101,8.525757298000826
136,once,dual,cold,0,70,0.5,0.2,fixed,10000,218960,218960,0,1,1,2415,218961,104.17454675399858
136,iterative,dual,warm,0,70,0.5,0.2,fixed,10000,100,100,0,0.1,1,2415,101,0.006350194000333431
136,iterative,dual,warm,1,70,0.5,0.2,fixed,10000,10000,10000,0,0.1,1,2415,10101,29.792958415000612
136,iterative,dual,warm,2,70,0.5,0.2,fixed,10000,10000,10000,0,0.1,1,2415,20101,59.40083754799889
136,iterative,dual,warm,3,70,0.5,0.2,fixed,10000,10000,389,0,0.1,1,2415,20490,0.3297486539995589
137,once,dual,cold,0,70,0.5,0.2,fixed,30000,218960,218960,0,1,1,2415,218961,107.16300363399932
137,iterative,dual,warm,0,70,0.5,0.2,fixed,30000,100,100,0,1,1,2415,101,0.0059736860002885805
137,iterative,dual,warm,1,70,0.5,0.2,fixed,30000,30000,25854,0,1,1,2415,25955,56.419475872000476
137,iterative,dual,warm,2,70,0.5,0.2,fixed,30000,30000,13406,0,1,1,2415,39361,110.9680591209999
137,iterative,dual,warm,3,70,0.5,0.2,fixed,30000,30000,704,0,1,1,2415,40065,0.5137969420011359
138,once,dual,cold,0,70,0.5,0.2,fixed,100000,218960,218960,0,1,1,2415,218961,65.32141811300062
138,iterative,dual,warm,0,70,0.5,0.2,fixed,100000,100,100,0,1,1,2415,101,0.0058873200014204485
138,iterative,dual,warm,1,70,0.5,0.2,fixed,100000,100000,26408,0,1,1,2415,26509,74.87407281899868
138,iterative,dual,warm,2,70,0.5,0.2,fixed,100000,100000,13404,0,1,1,2415,39913,16.79128588599997
139,once,dual,cold,0,70,0.5,0.2,fixed,300000,218960,218960,0,1,1,2415,218961,70.41584477699871
139,iterative,dual,warm,0,70,0.5,0.2,fixed,300000,100,100,0,1,1,2415,101,0.006566695999936201
139,iterative,dual,warm,1,70,0.5,0.2,fixed,300000,300000,26792,0,1,1,2415,26893,84.79470743500133
139,iterative,dual,warm,2,70,0.5,0.2,fixed,300000,300000,12138,0,1,1,2415,39031,11.967020595999202
140,once,dual,cold,0,70,0.8,0.1,fixed,1000,218960,218960,2,1,1,2415,218961,10.458134204000089
140,iterative,dual,warm,0,70,0.8,0.1,fixed,1000,100,100,2,1,1,2415,101,0.006293324999205652
140,iterative,dual,warm,1,70,0.8,0.1,fixed,1000,1000,1000,2,1,1,2415,1101,0.02343833099985204
140,iterative,dual,warm,2,70,0.8,0.1,fixed,1000,1000,1000,2,1,1,2415,2101,0.016337232000296353
140,iterative,dual,warm,3,70,0.8,0.1,fixed,1000,1000,202,2,1,1,2415,2303,0.00451880800028448
141,once,dual,cold,0,70,0.8,0.1,fixed,1000,218960,218960,1,1,1,2415,218961,11.460075840999707
141,iterative,dual,warm,0,70,0.8,0.1,fixed,1000,100,100,1,0.1,1,2415,101,0.0070849639996595215
141,iterative,dual,warm,1,70,0.8,0.1,fixed,1000,1000,1000,1,0.1,0.1,2415,1101,0.02479283000138821
141,iterative,dual,warm,2,70,0.8,0.1,fixed,1000,1000,1000,1,0.1,0.1,2415,2101,0.011608476999754203
141,iterative,dual,warm,3,70,0.8,0.1,fixed,1000,1000,596,1,0.1,1,2415,2697,0.005490832001669332
142,once,dual,cold,0,70,0.8,0.1,fixed,1000,218960,218960,0,1,1,2415,218961,11.423678000001019
142,iterative,dual,warm,0,70,0.8,0.1,fixed,1000,100,100,0,0.01,1,2415,101,0.006312468000032823
142,iterative,dual,warm,1,70,0.8,0.1,fixed,1000,1000,1000,0,0.01,0.1,2415,1101,0.0240813820000767
142,iterative,dual,warm,2,70,0.8,0.1,fixed,1000,1000,1000,0,0.01,0.1,2415,2101,0.018559722000645706
142,iterative,dual,warm,3,70,0.8,0.1,fixed,1000,1000,602,0,0.01,1,2415,2703,0.006708622999212821
143,once,dual,cold,0,70,0.8,0.1,fixed,3000,218960,218960,1,1,1,2415,218961,14.651248971000314
143,iterative,dual,warm,0,70,0.8,0.1,fixed,3000,100,100,1,1,1,2415,101,0.006351010000798851
143,iterative,dual,warm,1,70,0.8,0.1,fixed,3000,3000,3000,1,1,1,2415,3101,0.04338853800072684
143,iterative,dual,warm,2,70,0.8,0.1,fixed,3000,3000,1964,1,1,1,2415,5065,0.012846368001191877
144,once,dual,cold,0,70,0.8,0.1,fixed,3000,218960,218960,0,1,1,2415,218961,11.427156405999995
144,iterative,dual,warm,0,70,0.8,0.1,fixed,3000,100,100,0,0.1,1,2415,101,0.007116214999768999
144,iterative,dual,warm,1,70,0.8,0.1,fixed,3000,3000,3000,0,0.1,1,2415,3101,0.03266215900112002
144,iterative,dual,warm,2,70,0.8,0.1,fixed,3000,3000,596,0,0.1,1,2415,3697,0.006654823000644683
145,once,dual,cold,0,70,0.8,0.1,fixed,10000,218960,218960,1,1,1,2415,218961,11.920368692999546
145,iterative,dual,warm,0,70,0.8,0.1,fixed,10000,100,100,1,1,1,2415,101,0.006359529001201736
145,iterative,dual,warm,1,70,0.8,0.1,fixed,10000,10000,10000,1,1,1,2415,10101,0.5244175410007301
145,iterative,dual,warm,2,70,0.8,0.1,fixed,10000,10000,1432,1,1,1,2415,11533,0.5716175210000074
145,iterative,dual,warm,3,70,0.8,0.1,fixed,10000,10000,4323,1,1,1,2415,15856,0.026232503001665464
146,once,dual,cold,0,70,0.8,0.1,fixed,10000,218960,218960,0,1,1,2415,218961,12.313240964000215
146,iterative,dual,warm,0,70,0.8,0.1,fixed,10000,100,100,0,0.1,1,2415,101,0.007169806000092649
146,iterative,dual,warm,1,70,0.8,0.1,fixed,10000,10000,10000,0,0.1,1,2415,10101,0.7422690120001789
146,iterative,dual,warm,2,70,0.8,0.1,fixed,10000,10000,9226,0,0.1,1,2415,19327,0.0558241700000508
147,once,dual,cold,0,70,0.8,0.1,fixed,30000,218960,218960,0,1,1,2415,218961,9.991902904999733
147,iterative,dual,warm,0,70,0.8,0.1,fixed,30000,100,100,0,1,1,2415,101,0.006272657999943476
147,iterative,dual,warm,1,70,0.8,0.1,fixed,30000,30000,20140,0,1,1,2415,20241,2.5461028479985544
147,iterative,dual,warm,2,70,0.8,0.1,fixed,30000,30000,5095,0,1,1,2415,25336,0.049966544000199065
148,once,dual,cold,0,70,0.8,0.1,fixed,100000,218960,218960,0,1,1,2415,218961,10.751273869000215
148,iterative,dual,warm,0,70,0.8,0.1,fixed,100000,100,100,0,1,1,2415,101,0.005826967000757577
148,iterative,dual,warm,1,70,0.8,0.1,fixed,100000,100000,21154,0,1,1,2415,21255,2.3601674969995656
148,iterative,dual,warm,2,70,0.8,0.1,fixed,100000,100000,6189,0,1,1,2415,27444,0.05407165299948247
149,once,dual,cold,0,70,0.8,0.1,fixed,300000,218960,218960,0,1,1,2415,218961,10.80957076499908
149,iterative,dual,warm,0,70,0.8,0.1,fixed,300000,100,100,0,1,1,2415,101,0.006900608001160435
149,iterative,dual,warm,1,70,0.8,0.1,fixed,300000,300000,20412,0,1,1,2415,20513,1.353150098999322
149,iterative,dual,warm,2,70,0.8,0.1,fixed,300000,300000,6946,0,1,1,2415,27459,0.08146569800010184
150,once,dual,cold,0,70,0.8,0.2,fixed,1000,218960,218960,2,1,1,2415,218961,19.57620850999956
150,iterative,dual,warm,0,70,0.8,0.2,fixed,1000,100,100,2,1,1,2415,101,0.007863720999012003
150,iterative,dual,warm,1,70,0.8,0.2,fixed,1000,1000,1000,2,1,1,2415,1101,0.033824373998868396
150,iterative,dual,warm,2,70,0.8,0.2,fixed,1000,1000,1000,2,1,1,2415,2101,0.04502699200020288
150,iterative,dual,warm,3,70,0.8,0.2,fixed,1000,1000,1000,2,1,1,2415,3101,0.01747519799937436
150,iterative,dual,warm,4,70,0.8,0.2,fixed,1000,1000,264,2,1,1,2415,3365,0.006592056999579654
151,once,dual,cold,0,70,0.8,0.2,fixed,1000,218960,218960,1,1,1,2415,218961,17.18200246900051
151,iterative,dual,warm,0,70,0.8,0.2,fixed,1000,100,100,1,0.1,1,2415,101,0.007418528999551199
151,iterative,dual,warm,1,70,0.8,0.2,fixed,1000,1000,1000,1,0.1,0.1,2415,1101,0.024148270998921362
151,iterative,dual,warm,2,70,0.8,0.2,fixed,1000,1000,1000,1,0.1,0.1,2415,2101,0.029989152999405633
151,iterative,dual,warm,3,70,0.8,0.2,fixed,1000,1000,1000,1,0.1,1,2415,3101,0.00881000600020343
152,once,dual,cold,0,70,0.8,0.2,fixed,1000,218960,218960,0,1,1,2415,218961,20.07204274200012
152,iterative,dual,warm,0,70,0.8,0.2,fixed,1000,100,100,0,0.01,1,2415,101,0.007246963999932632
152,iterative,dual,warm,1,70,0.8,0.2,fixed,1000,1000,1000,0,0.01,0.1,2415,1101,0.02169468399915786
152,iterative,dual,warm,2,70,0.8,0.2,fixed,1000,1000,1000,0,0.01,0.1,2415,2101,0.021710818000428844
152,iterative,dual,warm,3,70,0.8,0.2,fixed,1000,1000,1000,0,0.01,1,2415,3101,0.012149406000389718
153,once,dual,cold,0,70,0.8,0.2,fixed,3000,218960,218960,1,1,1,2415,218961,18.911165258999972
153,iterative,dual,warm,0,70,0.8,0.2,fixed,3000,100,100,1,1,1,2415,101,0.0071768199995858595
153,iterative,dual,warm,1,70,0.8,0.2,fixed,3000,3000,3000,1,1,1,2415,3101,0.07689336099974753
153,iterative,dual,warm,2,70,0.8,0.2,fixed,3000,3000,918,1,1,1,2415,4019,0.008899312999346876
154,once,dual,cold,0,70,0.8,0.2,fixed,3000,218960,218960,0,1,1,2415,218961,17.48305301400069
154,iterative,dual,warm,0,70,0.8,0.2,fixed,3000,100,100,0,0.1,1,2415,101,0.0073155150003003655
154,iterative,dual,warm,1,70,0.8,0.2,fixed,3000,3000,3000,0,0.1,1,2415,3101,0.09203881199937314
154,iterative,dual,warm,2,70,0.8,0.2,fixed,3000,3000,600,0,0.1,1,2415,3701,0.006820512000558665
155,once,dual,cold,0,70,0.8,0.2,fixed,10000,218960,218960,1,1,1,2415,218961,17.01075751099961
155,iterative,dual,warm,0,70,0.8,0.2,fixed,10000,100,100,1,1,1,2415,101,0.007189389998529805
155,iterative,dual,warm,1,70,0.8,0.2,fixed,10000,10000,10000,1,1,1,2415,10101,0.10949994200018409
156,once,dual,cold,0,70,0.8,0.2,fixed,10000,218960,218960,0,1,1,2415,218961,18.552606134000598
156,iterative,dual,warm,0,70,0.8,0.2,fixed,10000,100,100,0,0.1,1,2415,101,0.007331325999984983
156,iterative,dual,warm,1,70,0.8,0.2,fixed,10000,10000,10000,0,0.1,1,2415,10101,0.3425124620007409
156,iterative,dual,warm,2,70,0.8,0.2,fixed,10000,10000,540,0,0.1,1,2415,10641,0.06048408499918878
157,once,dual,cold,0,70,0.8,0.2,fixed,30000,218960,218960,0,1,1,2415,218961,19.057694309998624
157,iterative,dual,warm,0,70,0.8,0.2,fixed,30000,100,100,0,1,1,2415,101,0.007355835999987903
157,iterative,dual,warm,1,70,0.8,0.2,fixed,30000,30000,21658,0,1,1,2415,21759,0.6539088059998903
157,iterative,dual,warm,2,70,0.8,0.2,fixed,30000,30000,1064,0,1,1,2415,22823,0.1772097789998952
158,once,dual,cold,0,70,0.8,0.2,fixed,100000,218960,218960,0,1,1,2415,218961,18.32554385000003
158,iterative,dual,warm,0,70,0.8,0.2,fixed,100000,100,100,0,1,1,2415,101,0.007381309000265901
158,iterative,dual,warm,1,70,0.8,0.2,fixed,100000,100000,21342,0,1,1,2415,21443,7.30314405199897
158,iterative,dual,warm,2,70,0.8,0.2,fixed,100000,100000,1202,0,1,1,2415,22645,0.2218539730001794
159,once,dual,cold,0,70,0.8,0.2,fixed,300000,218960,218960,0,1,1,2415,218961,15.460031732000061
159,iterative,dual,warm,0,70,0.8,0.2,fixed,300000,100,100,0,1,1,2415,101,0.006792727999709314
159,iterative,dual,warm,1,70,0.8,0.2,fixed,300000,300000,20590,0,1,1,2415,20691,0.726832906000709
159,iterative,dual,warm,2,70,0.8,0.2,fixed,300000,300000,676,0,1,1,2415,21367,0.17004029199961224
160,once,dual,cold,0,70,0.5,0.1,fixed,1000,218960,218960,2,1,1,2415,218961,21.521420998000394
160,iterative,dual,warm,0,70,0.5,0.1,fixed,1000,100,100,2,1,1,2415,101,0.006066394000299624
160,iterative,dual,warm,1,70,0.5,0.1,fixed,1000,1000,1000,2,1,1,2415,1101,0.02768312700027309
160,iterative,dual,warm,2,70,0.5,0.1,fixed,1000,1000,1000,2,1,1,2415,2101,0.09017524599948956
160,iterative,dual,warm,3,70,0.5,0.1,fixed,1000,1000,1000,2,1,1,2415,3101,1.8593522149985802
160,iterative,dual,warm,4,70,0.5,0.1,fixed,1000,1000,1000,2,1,1,2415,4101,0.4512210299999424
160,iterative,dual,warm,5,70,0.5,0.1,fixed,1000,1000,264,2,1,1,2415,4365,0.010963823999190936
161,once,dual,cold,0,70,0.5,0.1,fixed,1000,218960,218960,1,1,1,2415,218961,33.652244924000115
161,iterative,dual,warm,0,70,0.5,0.1,fixed,1000,100,100,1,0.1,1,2415,101,0.006013131000145222
161,iterative,dual,warm,1,70,0.5,0.1,fixed,1000,1000,1000,1,0.1,0.1,2415,1101,0.02996343400081969
161,iterative,dual,warm,2,70,0.5,0.1,fixed,1000,1000,1000,1,0.1,0.1,2415,2101,0.09579884599952493
161,iterative,dual,warm,3,70,0.5,0.1,fixed,1000,1000,1000,1,0.1,0.1,2415,3101,1.9631940640010725
161,iterative,dual,warm,4,70,0.5,0.1,fixed,1000,1000,1000,1,0.1,0.1,2415,4101,3.3661858630002826
161,iterative,dual,warm,5,70,0.5,0.1,fixed,1000,1000,1000,1,0.1,1,2415,5101,0.07130939099988609
162,once,dual,cold,0,70,0.5,0.1,fixed,1000,218960,218960,0,1,1,2415,218961,29.299664405998556
162,iterative,dual,warm,0,70,0.5,0.1,fixed,1000,100,100,0,0.01,1,2415,101,0.005855728000824456
162,iterative,dual,warm,1,70,0.5,0.1,fixed,1000,1000,1000,0,0.01,0.1,2415,1101,0.03118784400066943
162,iterative,dual,warm,2,70,0.5,0.1,fixed,1000,1000,1000,0,0.01,0.1,2415,2101,0.11766701499982446
162,iterative,dual,warm,3,70,0.5,0.1,fixed,1000,1000,1000,0,0.01,0.1,2415,3101,2.447287769000468
162,iterative,dual,warm,4,70,0.5,0.1,fixed,1000,1000,1000,0,0.01,0.1,2415,4101,1.3446512070004246
162,iterative,dual,warm,5,70,0.5,0.1,fixed,1000,1000,134,0,0.01,1,2415,4235,0.011659771000267938
163,once,dual,cold,0,70,0.5,0.1,fixed,3000,218960,218960,1,1,1,2415,218961,31.72242161699978
163,iterative,dual,warm,0,70,0.5,0.1,fixed,3000,100,100,1,1,1,2415,101,0.005860772000232828
163,iterative,dual,warm,1,70,0.5,0.1,fixed,3000,3000,3000,1,1,1,2415,3101,0.1577548619989102
163,iterative,dual,warm,2,70,0.5,0.1,fixed,3000,3000,3000,1,1,1,2415,6101,3.229886914999952
163,iterative,dual,warm,3,70,0.5,0.1,fixed,3000,3000,2692,1,1,1,2415,8793,0.12301224200018623
164,once,dual,cold,0,70,0.5,0.1,fixed,3000,218960,218960,0,1,1,2415,218961,32.624111541001184
164,iterative,dual,warm,0,70,0.5,0.1,fixed,3000,100,100,0,0.1,1,2415,101,0.005988340999465436
164,iterative,dual,warm,1,70,0.5,0.1,fixed,3000,3000,3000,0,0.1,1,2415,3101,0.21000954000010097
164,iterative,dual,warm,2,70,0.5,0.1,fixed,3000,3000,3000,0,0.1,0.1,2415,6101,5.878201634999641
164,iterative,dual,warm,3,70,0.5,0.1,fixed,3000,3000,1392,0,0.1,1,2415,7493,0.04549148800106195
165,once,dual,cold,0,70,0.5,0.1,fixed,10000,218960,218960,1,1,1,2415,218961,28.081784088999484
165,iterative,dual,warm,0,70,0.5,0.1,fixed,10000,100,100,1,1,1,2415,101,0.0059252619994367706
165,iterative,dual,warm,1,70,0.5,0.1,fixed,10000,10000,10000,1,1,1,2415,10101,0.5160698620002222
165,iterative,dual,warm,2,70,0.5,0.1,fixed,10000,10000,4952,1,1,1,2415,15053,0.12005455600046844
166,once,dual,cold,0,70,0.5,0.1,fixed,10000,218960,218960,0,1,1,2415,218961,26.484025671999916
166,iterative,dual,warm,0,70,0.5,0.1,fixed,10000,100,100,0,0.1,1,2415,101,0.005941239000094356
166,iterative,dual,warm,1,70,0.5,0.1,fixed,10000,10000,10000,0,0.1,1,2415,10101,0.5061756490013067
166,iterative,dual,warm,2,70,0.5,0.1,fixed,10000,10000,5773,0,0.1,1,2415,15874,1.6754625060002581
166,iterative,dual,warm,3,70,0.5,0.1,fixed,10000,10000,396,0,0.1,1,2415,16270,0.13211540799966315
167,once,dual,cold,0,70,0.5,0.1,fixed,30000,218960,218960,0,1,1,2415,218961,29.091807815999346
167,iterative,dual,warm,0,70,0.5,0.1,fixed,30000,100,100,0,1,1,2415,101,0.005981344000247191
167,iterative,dual,warm,1,70,0.5,0.1,fixed,30000,30000,26252,0,1,1,2415,26353,18.02370843600147
167,iterative,dual,warm,2,70,0.5,0.1,fixed,30000,30000,16053,0,1,1,2415,42406,24.31972541399955
167,iterative,dual,warm,3,70,0.5,0.1,fixed,30000,30000,405,0,1,1,2415,42811,0.2568080679993727
168,once,dual,cold,0,70,0.5,0.1,fixed,100000,218960,218960,0,1,1,2415,218961,30.139401215999897
168,iterative,dual,warm,0,70,0.5,0.1,fixed,100000,100,100,0,1,1,2415,101,0.005988630999127054
168,iterative,dual,warm,1,70,0.5,0.1,fixed,100000,100000,26408,0,1,1,2415,26509,24.540354386001127
168,iterative,dual,warm,2,70,0.5,0.1,fixed,100000,100000,14149,0,1,1,2415,40658,3.931591489999846
169,once,dual,cold,0,70,0.5,0.1,fixed,300000,218960,218960,0,1,1,2415,218961,27.34530851999989
169,iterative,dual,warm,0,70,0.5,0.1,fixed,300000,100,100,0,1,1,2415,101,0.006393253999704029
169,iterative,dual,warm,1,70,0.5,0.1,fixed,300000,300000,26194,0,1,1,2415,26295,17.316420004000975
169,iterative,dual,warm,2,70,0.5,0.1,fixed,300000,300000,17778,0,1,1,2415,44073,1.0042646959991544
170,once,dual,cold,0,70,0.5,0.2,fixed,1000,218960,218960,2,1,1,2415,218961,100.21502993199829
170,iterative,dual,warm,0,70,0.5,0.2,fixed,1000,100,100,2,1,1,2415,101,0.006008066000504186
170,iterative,dual,warm,1,70,0.5,0.2,fixed,1000,1000,1000,2,1,1,2415,1101,0.028505737998784753
170,iterative,dual,warm,2,70,0.5,0.2,fixed,1000,1000,1000,2,1,1,2415,2101,0.18514163699910569
170,iterative,dual,warm,3,70,0.5,0.2,fixed,1000,1000,1000,2,1,1,2415,3101,4.755843984999956
170,iterative,dual,warm,4,70,0.5,0.2,fixed,1000,1000,1000,2,1,1,2415,4101,12.523424836999766
170,iterative,dual,warm,5,70,0.5,0.2,fixed,1000,1000,1000,2,1,1,2415,5101,21.287797648001288
170,iterative,dual,warm,6,70,0.5,0.2,fixed,1000,1000,1000,2,1,1,2415,6101,20.31358642899977
170,iterative,dual,warm,7,70,0.5,0.2,fixed,1000,1000,1000,2,1,1,2415,7101,3.175445490000129
170,iterative,dual,warm,8,70,0.5,0.2,fixed,1000,1000,37,2,1,1,2415,7138,0.03870830799860414
171,once,dual,cold,0,70,0.5,0.2,fixed,1000,218960,218960,1,1,1,2415,218961,99.17618239700096
171,iterative,dual,warm,0,70,0.5,0.2,fixed,1000,100,100,1,0.1,1,2415,101,0.006788519998735865
171,iterative,dual,warm,1,70,0.5,0.2,fixed,1000,1000,1000,1,0.1,0.1,2415,1101,0.03116712200062466
171,iterative,dual,warm,2,70,0.5,0.2,fixed,1000,1000,1000,1,0.1,0.1,2415,2101,0.25432006499977433
171,iterative,dual,warm,3,70,0.5,0.2,fixed,1000,1000,1000,1,0.1,0.1,2415,3101,4.369915712000875
171,iterative,dual,warm,4,70,0.5,0.2,fixed,1000,1000,1000,1,0.1,0.1,2415,4101,14.216854103000514
171,iterative,dual,warm,5,70,0.5,0.2,fixed,1000,1000,1000,1,0.1,0.1,2415,5101,21.705429911000465
171,iterative,dual,warm,6,70,0.5,0.2,fixed,1000,1000,1000,1,0.1,0.1,2415,6101,22.903718368999762
171,iterative,dual,warm,7,70,0.5,0.2,fixed,1000,1000,1000,1,0.1,0.1,2415,7101,5.772859086999233
172,once,dual,cold,0,70,0.5,0.2,fixed,1000,218960,218960,0,1,1,2415,218961,83.55345943400062
172,iterative,dual,warm,0,70,0.5,0.2,fixed,1000,100,100,0,0.01,1,2415,101,0.006779527000617236
172,iterative,dual,warm,1,70,0.5,0.2,fixed,1000,1000,1000,0,0.01,0.1,2415,1101,0.03178593100165017
172,iterative,dual,warm,2,70,0.5,0.2,fixed,1000,1000,1000,0,0.01,0.1,2415,2101,0.2433784620006918
172,iterative,dual,warm,3,70,0.5,0.2,fixed,1000,1000,1000,0,0.01,0.1,2415,3101,4.299782957999923
172,iterative,dual,warm,4,70,0.5,0.2,fixed,1000,1000,1000,0,0.01,0.1,2415,4101,14.171249496999735
172,iterative,dual,warm,5,70,0.5,0.2,fixed,1000,1000,1000,0,0.01,0.1,2415,5101,22.833786851000696
172,iterative,dual,warm,6,70,0.5,0.2,fixed,1000,1000,1000,0,0.01,0.1,2415,6101,21.78216796599918
172,iterative,dual,warm,7,70,0.5,0.2,fixed,1000,1000,134,0,0.01,1,2415,6235,0.0386350440003298
173,once,dual,cold,0,70,0.5,0.2,fixed,3000,218960,218960,1,1,1,2415,218961,135.85746331700102
173,iterative,dual,warm,0,70,0.5,0.2,fixed,3000,100,100,1,1,1,2415,101,0.006748168001649901
173,iterative,dual,warm,1,70,0.5,0.2,fixed,3000,3000,3000,1,1,1,2415,3101,0.9536935109990736
173,iterative,dual,warm,2,70,0.5,0.2,fixed,3000,3000,3000,1,1,1,2415,6101,27.98061414299991
173,iterative,dual,warm,3,70,0.5,0.2,fixed,3000,3000,3000,1,1,1,2415,9101,34.210776691999854
173,iterative,dual,warm,4,70,0.5,0.2,fixed,3000,3000,3000,1,1,1,2415,12101,9.845374178001293
173,iterative,dual,warm,5,70,0.5,0.2,fixed,3000,3000,43,1,1,1,2415,12144,1.4807339969993336
173,iterative,dual,warm,6,70,0.5,0.2,fixed,3000,3000,3,1,1,1,2415,12147,0.7522752489985578
174,once,dual,cold,0,70,0.5,0.2,fixed,3000,218960,218960,0,1,1,2415,218961,103.22012646500116
174,iterative,dual,warm,0,70,0.5,0.2,fixed,3000,100,100,0,0.1,1,2415,101,0.006674663000012515
174,iterative,dual,warm,1,70,0.5,0.2,fixed,3000,3000,3000,0,0.1,1,2415,3101,0.60558423799921
174,iterative,dual,warm,2,70,0.5,0.2,fixed,3000,3000,3000,0,0.1,0.1,2415,6101,26.79678056299963
174,iterative,dual,warm,3,70,0.5,0.2,fixed,3000,3000,3000,0,0.1,1,2415,9101,49.704059779998715
174,iterative,dual,warm,4,70,0.5,0.2,fixed,3000,3000,3000,0,0.1,1,2415,12101,1.8498151219973806
175,once,dual,cold,0,70,0.5,0.2,fixed,10000,218960,218960,1,1,1,2415,218961,94.98643096499654
175,iterative,dual,warm,0,70,0.5,0.2,fixed,10000,100,100,1,1,1,2415,101,0.0066532579985505436
175,iterative,dual,warm,1,70,0.5,0.2,fixed,10000,10000,10000,1,1,1,2415,10101,37.82873020199986
175,iterative,dual,warm,2,70,0.5,0.2,fixed,10000,10000,10000,1,1,1,2415,20101,18.321752893996745
175,iterative,dual,warm,3,70,0.5,0.2,fixed,10000,10000,68,1,1,1,2415,20169,24.29506830000173
175,iterative,dual,warm,4,70,0.5,0.2,fixed,10000,10000,94,1,1,1,2415,20263,0.0840295790003438
176,once,dual,cold,0,70,0.5,0.2,fixed,10000,218960,218960,0,1,1,2415,218961,104.08089580999876
176,iterative,dual,warm,0,70,0.5,0.2,fixed,10000,100,100,0,0.1,1,2415,101,0.006712722999509424
176,iterative,dual,warm,1,70,0.5,0.2,fixed,10000,10000,10000,0,0.1,1,2415,10101,25.967819216999487
176,iterative,dual,warm,2,70,0.5,0.2,fixed,10000,10000,10000,0,0.1,1,2415,20101,49.10707133699907
177,once,dual,cold,0,70,0.5,0.2,fixed,30000,218960,218960,0,1,1,2415,218961,132.7023415299991
177,iterative,dual,warm,0,70,0.5,0.2,fixed,30000,100,100,0,1,1,2415,101,0.0060996199972578324
177,iterative,dual,warm,1,70,0.5,0.2,fixed,30000,30000,25524,0,1,1,2415,25625,75.77540633099852
177,iterative,dual,warm,2,70,0.5,0.2,fixed,30000,30000,17345,0,1,1,2415,42970,119.14598147400102
177,iterative,dual,warm,3,70,0.5,0.2,fixed,30000,30000,104,0,1,1,2415,43074,2.8245995069992205
178,once,dual,cold,0,70,0.5,0.2,fixed,100000,218960,218960,0,1,1,2415,218961,82.90672428000107
178,iterative,dual,warm,0,70,0.5,0.2,fixed,100000,100,100,0,1,1,2415,101,0.0066357940013404
178,iterative,dual,warm,1,70,0.5,0.2,fixed,100000,100000,24988,0,1,1,2415,25089,47.24577790600233
178,iterative,dual,warm,2,70,0.5,0.2,fixed,100000,100000,14935,0,1,1,2415,40024,47.61766461500156
179,once,dual,cold,0,70,0.5,0.2,fixed,300000,218960,218960,0,1,1,2415,218961,81.16703173900169
179,iterative,dual,warm,0,70,0.5,0.2,fixed,300000,100,100,0,1,1,2415,101,0.006028313000570051
179,iterative,dual,warm,1,70,0.5,0.2,fixed,300000,300000,24986,0,1,1,2415,25087,38.840855344999
179,iterative,dual,warm,2,70,0.5,0.2,fixed,300000,300000,14436,0,1,1,2415,39523,41.66353754499869
180,once,dual,cold,0,70,0.8,0.1,fixed,1000,218960,218960,2,1,1,2415,218961,10.968331535001198
180,iterative,dual,warm,0,70,0.8,0.1,fixed,1000,100,100,2,1,1,2415,101,0.006313539000984747
180,iterative,dual,warm,1,70,0.8,0.1,fixed,1000,1000,1000,2,1,1,2415,1101,0.025299902001279406
180,iterative,dual,warm,2,70,0.8,0.1,fixed,1000,1000,1000,2,1,1,2415,2101,0.010758178003015928
180,iterative,dual,warm,3,70,0.8,0.1,fixed,1000,1000,1000,2,1,1,2415,3101,0.006610445998376235
181,once,dual,cold,0,70,0.8,0.1,fixed,1000,218960,218960,1,1,1,2415,218961,12.713128305000282
181,iterative,dual,warm,0,70,0.8,0.1,fixed,1000,100,100,1,0.1,1,2415,101,0.007056691003526794
181,iterative,dual,warm,1,70,0.8,0.1,fixed,1000,1000,1000,1,0.1,0.1,2415,1101,0.020220532001985703
181,iterative,dual,warm,2,70,0.8,0.1,fixed,1000,1000,1000,1,0.1,0.1,2415,2101,0.011335847000736976
181,iterative,dual,warm,3,70,0.8,0.1,fixed,1000,1000,912,1,0.1,1,2415,3013,0.006103147999965586
182,once,dual,cold,0,70,0.8,0.1,fixed,1000,218960,218960,0,1,1,2415,218961,10.405470188001345
182,iterative,dual,warm,0,70,0.8,0.1,fixed,1000,100,100,0,0.01,1,2415,101,0.006260432997805765
182,iterative,dual,warm,1,70,0.8,0.1,fixed,1000,1000,1000,0,0.01,0.1,2415,1101,0.02528844799962826
182,iterative,dual,warm,2,70,0.8,0.1,fixed,1000,1000,1000,0,0.01,0.1,2415,2101,0.015478330999030732
182,iterative,dual,warm,3,70,0.8,0.1,fixed,1000,1000,858,0,0.01,1,2415,2959,0.00614750900058425
183,once,dual,cold,0,70,0.8,0.1,fixed,3000,218960,218960,1,1,1,2415,218961,12.204905727998266
183,iterative,dual,warm,0,70,0.8,0.1,fixed,3000,100,100,1,1,1,2415,101,0.00704578599834349
183,iterative,dual,warm,1,70,0.8,0.1,fixed,3000,3000,3000,1,1,1,2415,3101,0.10051531600038288
183,iterative,dual,warm,2,70,0.8,0.1,fixed,3000,3000,3000,1,1,1,2415,6101,0.01603744499880122
184,once,dual,cold,0,70,0.8,0.1,fixed,3000,218960,218960,0,1,1,2415,218961,10.032071723999252
184,iterative,dual,warm,0,70,0.8,0.1,fixed,3000,100,100,0,0.1,1,2415,101,0.00616056299986667
184,iterative,dual,warm,1,70,0.8,0.1,fixed,3000,3000,3000,0,0.1,1,2415,3101,0.0646143949998077
184,iterative,dual,warm,2,70,0.8,0.1,fixed,3000,3000,1793,0,0.1,1,2415,4894,0.009237730999302585
185,once,dual,cold,0,70,0.8,0.1,fixed,10000,218960,218960,1,1,1,2415,218961,11.949391539001226
185,iterative,dual,warm,0,70,0.8,0.1,fixed,10000,100,100,1,1,1,2415,101,0.007101326998963486
185,iterative,dual,warm,1,70,0.8,0.1,fixed,10000,10000,10000,1,1,1,2415,10101,1.0139027119985258
185,iterative,dual,warm,2,70,0.8,0.1,fixed,10000,10000,4822,1,1,1,2415,14923,0.03603703100088751
186,once,dual,cold,0,70,0.8,0.1,fixed,10000,218960,218960,0,1,1,2415,218961,11.509795809000934
186,iterative,dual,warm,0,70,0.8,0.1,fixed,10000,100,100,0,0.1,1,2415,101,0.0075448489988048095
186,iterative,dual,warm,1,70,0.8,0.1,fixed,10000,10000,10000,0,0.1,1,2415,10101,0.8144894489996659
186,iterative,dual,warm,2,70,0.8,0.1,fixed,10000,10000,5979,0,0.1,1,2415,16080,0.042549814002995845
187,once,dual,cold,0,70,0.8,0.1,fixed,30000,218960,218960,0,1,1,2415,218961,10.322252324000146
187,iterative,dual,warm,0,70,0.8,0.1,fixed,30000,100,100,0,1,1,2415,101,0.006879728000058094
187,iterative,dual,warm,1,70,0.8,0.1,fixed,30000,30000,19548,0,1,1,2415,19649,1.6441339470002276
187,iterative,dual,warm,2,70,0.8,0.1,fixed,30000,30000,4193,0,1,1,2415,23842,0.0498267670009227
188,once,dual,cold,0,70,0.8,0.1,fixed,100000,218960,218960,0,1,1,2415,218961,12.256734197002515
188,iterative,dual,warm,0,70,0.8,0.1,fixed,100000,100,100,0,1,1,2415,101,0.006857258998934412
188,iterative,dual,warm,1,70,0.8,0.1,fixed,100000,100000,20626,0,1,1,2415,20727,2.8412520159981796
188,iterative,dual,warm,2,70,0.8,0.1,fixed,100000,100000,4035,0,1,1,2415,24762,0.050505266000982374
189,once,dual,cold,0,70,0.8,0.1,fixed,300000,218960,218960,0,1,1,2415,218961,9.908430224000767
189,iterative,dual,warm,0,70,0.8,0.1,fixed,300000,100,100,0,1,1,2415,101,0.006928737999260193
189,iterative,dual,warm,1,70,0.8,0.1,fixed,300000,300000,20772,0,1,1,2415,20873,2.624557722996542
189,iterative,dual,warm,2,70,0.8,0.1,fixed,300000,300000,4601,0,1,1,2415,25474,0.055679754997981945
190,once,dual,cold,0,70,0.8,0.2,fixed,1000,218960,218960,2,1,1,2415,218961,18.33012041799884
190,iterative,dual,warm,0,70,0.8,0.2,fixed,1000,100,100,2,1,1,2415,101,0.007499547999032075
190,iterative,dual,warm,1,70,0.8,0.2,fixed,1000,1000,1000,2,1,1,2415,1101,0.034962036999786505
190,iterative,dual,warm,2,70,0.8,0.2,fixed,1000,1000,1000,2,1,1,2415,2101,0.03238344399869675
190,iterative,dual,warm,3,70,0.8,0.2,fixed,1000,1000,1000,2,1,1,2415,3101,0.014054424998903414
191,once,dual,cold,0,70,0.8,0.2,fixed,1000,218960,218960,1,1,1,2415,218961,20.425198791002913
191,iterative,dual,warm,0,70,0.8,0.2,fixed,1000,100,100,1,0.1,1,2415,101,0.007888824999099597
191,iterative,dual,warm,1,70,0.8,0.2,fixed,1000,1000,1000,1,0.1,0.1,2415,1101,0.021660780999809504
191,iterative,dual,warm,2,70,0.8,0.2,fixed,1000,1000,1000,1,0.1,0.1,2415,2101,0.03790240699891001
191,iterative,dual,warm,3,70,0.8,0.2,fixed,1000,1000,1000,1,0.1,1,2415,3101,0.014027269000507658
192,once,dual,cold,0,70,0.8,0.2,fixed,1000,218960,218960,0,1,1,2415,218961,16.871279200000572
192,iterative,dual,warm,0,70,0.8,0.2,fixed,1000,100,100,0,0.01,1,2415,101,0.007915021997177973
192,iterative,dual,warm,1,70,0.8,0.2,fixed,1000,1000,1000,0,0.01,0.1,2415,1101,0.030080459000600968
192,iterative,dual,warm,2,70,0.8,0.2,fixed,1000,1000,1000,0,0.01,0.1,2415,2101,0.032642591002513655
192,iterative,dual,warm,3,70,0.8,0.2,fixed,1000,1000,1000,0,0.01,1,2415,3101,0.008243655000114813
193,once,dual,cold,0,70,0.8,0.2,fixed,3000,218960,218960,1,1,1,2415,218961,18.055162201999337
193,iterative,dual,warm,0,70,0.8,0.2,fixed,3000,100,100,1,1,1,2415,101,0.008053238001593854
193,iterative,dual,warm,1,70,0.8,0.2,fixed,3000,3000,3000,1,1,1,2415,3101,0.12756403199819033
193,iterative,dual,warm,2,70,0.8,0.2,fixed,3000,3000,2413,1,1,1,2415,5514,0.019873798002663534
194,once,dual,cold,0,70,0.8,0.2,fixed,3000,218960,218960,0,1,1,2415,218961,17.576746878999984
194,iterative,dual,warm,0,70,0.8,0.2,fixed,3000,100,100,0,0.1,1,2415,101,0.008112722996884258
194,iterative,dual,warm,1,70,0.8,0.2,fixed,3000,3000,3000,0,0.1,1,2415,3101,0.09451665499727824
194,iterative,dual,warm,2,70,0.8,0.2,fixed,3000,3000,398,0,0.1,1,2415,3499,0.008067206999839982
195,once,dual,cold,0,70,0.8,0.2,fixed,10000,218960,218960,1,1,1,2415,218961,16.92039824499807
195,iterative,dual,warm,0,70,0.8,0.2,fixed,10000,100,100,1,1,1,2415,101,0.008062326000072062
195,iterative,dual,warm,1,70,0.8,0.2,fixed,10000,10000,10000,1,1,1,2415,10101,0.11417988399989554
195,iterative,dual,warm,2,70,0.8,0.2,fixed,10000,10000,134,1,1,1,2415,10235,0.015893050000158837
196,once,dual,cold,0,70,0.8,0.2,fixed,10000,218960,218960,0,1,1,2415,218961,17.739490840001963
196,iterative,dual,warm,0,70,0.8,0.2,fixed,10000,100,100,0,0.1,1,2415,101,0.00794991300062975
196,iterative,dual,warm,1,70,0.8,0.2,fixed,10000,10000,10000,0,0.1,1,2415,10101,0.10961799900178448
196,iterative,dual,warm,2,70,0.8,0.2,fixed,10000,10000,134,0,0.1,1,2415,10235,0.014772290996916126
197,once,dual,cold,0,70,0.8,0.2,fixed,30000,218960,218960,0,1,1,2415,218961,17.09607576900089
197,iterative,dual,warm,0,70,0.8,0.2,fixed,30000,100,100,0,1,1,2415,101,0.008393870000872994
197,iterative,dual,warm,1,70,0.8,0.2,fixed,30000,30000,20892,0,1,1,2415,20993,0.31700729799922556
197,iterative,dual,warm,2,70,0.8,0.2,fixed,30000,30000,134,0,1,1,2415,21127,0.03171201899749576
198,once,dual,cold,0,70,0.8,0.2,fixed,100000,218960,218960,0,1,1,2415,218961,17.458184852999693
198,iterative,dual,warm,0,70,0.8,0.2,fixed,100000,100,100,0,1,1,2415,101,0.007877577998442575
198,iterative,dual,warm,1,70,0.8,0.2,fixed,100000,100000,21302,0,1,1,2415,21403,22.32193829500102
198,iterative,dual,warm,2,70,0.8,0.2,fixed,100000,100000,672,0,1,1,2415,22075,0.039871483997558244
199,once,dual,cold,0,70,0.8,0.2,fixed,300000,218960,218960,0,1,1,2415,218961,19.317091274999257
199,iterative,dual,warm,0,70,0.8,0.2,fixed,300000,100,100,0,1,1,2415,101,0.007772279001073912
199,iterative,dual,warm,1,70,0.8,0.2,fixed,300000,300000,22054,0,1,1,2415,22155,3.384085984002013
199,iterative,dual,warm,2,70,0.8,0.2,fixed,300000,300000,534,0,1,1,2415,22689,0.24095910500182072
