solve_id,solve_type,method,warm_start,min_search_proportion,threshold_proportion,remove_constraints,zero_slack_likelihood,n,p,q,cut_type,cut_value,max_variables,max_constraints,total_cpu_time,gurobi_cpu_time,non_gurobi_cpu_time,objective_value,dual_0_constraints,dual_0_with_slack,dual_0_no_slack
0,once,auto,cold,1,0.0,False,0,100,0.5,0.2,fixed,1000,4950,646801,384.59375,374.5,10.09375,502.99999999999807,0,0,0
0,iterative,auto,warm,1,0.0,False,0,100,0.5,0.2,fixed,1000,4950,11485,215.265625,198.609375,16.65625,503.00000000000097,0,0,0
0,iterative,auto,warm,1,0.0,True,0,100,0.5,0.2,fixed,1000,4950,6387,114.71875,87.484375,27.234375,502.9999999999984,19807,13714,6093
1,once,auto,cold,1,0.0,False,0,110,0.5,0.2,fixed,1000,5995,863281,753.03125,731.421875,21.609375,580.0000000000155,0,0,0
1,iterative,auto,warm,1,0.0,False,0,110,0.5,0.2,fixed,1000,5995,12955,313.25,288.21875,25.03125,579.9999999999989,0,0,0
1,iterative,auto,warm,1,0.0,True,0,110,0.5,0.2,fixed,1000,5995,6231,158.859375,120.6875,38.171875,579.9999999999981,23086,15870,7216
10,once,auto,cold,1,0.0,False,0,140,0.5,0.2,fixed,1000,9730,1790321,3567.40625,3531.96875,35.4375,979.9999999999898,0,0,0
10,iterative,auto,warm,1,0.0,False,0,140,0.5,0.2,fixed,1000,9730,21101,2144.5625,2071.03125,73.53125,980.0000000000036,0,0,0
10,iterative,auto,warm,1,0.0,True,0,140,0.5,0.2,fixed,1000,9730,10909,1178.515625,1027.59375,150.921875,980.0000000000008,48935,31192,17743
11,once,auto,cold,1,0.0,False,0,150,0.5,0.2,fixed,1000,11175,2205201,4458.71875,4413.578125,45.140625,1104.9999999999927,0,0,0
11,iterative,auto,warm,1,0.0,False,0,150,0.5,0.2,fixed,1000,11175,22101,3031.71875,2932.65625,99.0625,1105.0000000000052,0,0,0
11,iterative,auto,warm,1,0.0,True,0,150,0.5,0.2,fixed,1000,11175,11184,1735.59375,1525.65625,209.9375,1105.0000000000016,55068,34917,20151
12,once,auto,cold,1,0.0,False,0,100,0.5,0.2,fixed,1000,4950,646801,354.3125,341.578125,12.734375,523.999999999992,0,0,0
12,iterative,auto,warm,1,0.0,False,0,100,0.5,0.2,fixed,1000,4950,12101,239.625,224.28125,15.34375,523.9999999999994,0,0,0
12,iterative,auto,warm,1,0.0,True,0,100,0.5,0.2,fixed,1000,4950,6596,155.6875,125.421875,30.265625,523.9999999999985,23923,17505,6418
13,once,auto,cold,1,0.0,False,0,110,0.5,0.2,fixed,1000,5995,863281,336.703125,320.484375,16.21875,568.4661835748797,0,0,0
13,iterative,auto,warm,1,0.0,False,0,110,0.5,0.2,fixed,1000,5995,19200,549.296875,511.640625,37.65625,568.4661835748784,0,0,0
13,iterative,auto,warm,1,0.0,True,0,110,0.5,0.2,fixed,1000,5995,7011,445.125,266.09375,179.03125,568.4661835748798,529285,72398,456887
14,once,auto,cold,1,0.0,False,0,120,0.5,0.2,fixed,1000,7140,1123361,1027.734375,1005.65625,22.078125,708.0000000000093,0,0,0
14,iterative,auto,warm,1,0.0,False,0,120,0.5,0.2,fixed,1000,7140,16101,802.015625,767.625,34.390625,708.0000000000019,0,0,0
14,iterative,auto,warm,1,0.0,True,0,120,0.5,0.2,fixed,1000,7140,7640,469.015625,393.0,76.015625,708.0000000000032,35435,24461,10974
15,once,auto,cold,1,0.0,False,0,130,0.5,0.2,fixed,1000,8385,1431041,3068.140625,3026.3125,41.828125,861.9999999999951,0,0,0
15,iterative,auto,warm,1,0.0,False,0,130,0.5,0.2,fixed,1000,8385,19609,2083.546875,2007.578125,75.96875,861.9999999999969,0,0,0
15,iterative,auto,warm,1,0.0,True,0,130,0.5,0.2,fixed,1000,8385,9023,1616.234375,1429.40625,186.828125,862.0000000000066,48690,35078,13612
16,once,auto,cold,1,0.0,False,0,140,0.5,0.2,fixed,1000,9730,1790321,3856.109375,3802.46875,53.640625,984.0000000000133,0,0,0
16,iterative,auto,warm,1,0.0,False,0,140,0.5,0.2,fixed,1000,9730,19375,2819.265625,2707.828125,111.4375,984.0000000000008,0,0,0
16,iterative,auto,warm,1,0.0,True,0,140,0.5,0.2,fixed,1000,9730,10432,1569.03125,1344.0625,224.96875,983.9999999999987,46304,29217,17087
17,once,auto,cold,1,0.0,False,0,150,0.5,0.2,fixed,1000,11175,2205201,5246.140625,5194.8125,51.328125,1116.999999999992,0,0,0
17,iterative,auto,warm,1,0.0,False,0,150,0.5,0.2,fixed,1000,11175,21101,2423.390625,2324.984375,98.40625,1117.0000000000025,0,0,0
17,iterative,auto,warm,1,0.0,True,0,150,0.5,0.2,fixed,1000,11175,11967,1310.515625,1117.09375,193.421875,1116.9999999999973,50377,29134,21243
18,once,auto,cold,1,0.0,False,0,100,0.5,0.2,fixed,1000,4950,646801,500.015625,484.140625,15.875,524.0000000000106,0,0,0
18,iterative,auto,warm,1,0.0,False,0,100,0.5,0.2,fixed,1000,4950,12489,288.84375,271.609375,17.234375,523.9999999999983,0,0,0
18,iterative,auto,warm,1,0.0,True,0,100,0.5,0.2,fixed,1000,4950,6657,196.203125,161.53125,34.671875,524.0000000000006,26028,19444,6584
19,once,auto,cold,1,0.0,False,0,110,0.5,0.2,fixed,1000,5995,863281,698.203125,680.953125,17.25,614.0000000000032,0,0,0
19,iterative,auto,warm,1,0.0,False,0,110,0.5,0.2,fixed,1000,5995,13101,386.515625,364.921875,21.59375,614.0000000000002,0,0,0
19,iterative,auto,warm,1,0.0,True,0,110,0.5,0.2,fixed,1000,5995,7069,232.203125,187.578125,44.625,614.0000000000002,24523,16674,7849
2,once,auto,cold,1,0.0,False,0,120,0.5,0.2,fixed,1000,7140,1123361,257.34375,233.40625,23.9375,762.8956971908647,0,0,0
2,iterative,auto,warm,1,0.0,False,0,120,0.5,0.2,fixed,1000,7140,20199,1312.03125,1267.0625,44.96875,762.8956971908686,0,0,0
2,iterative,auto,warm,1,0.0,True,0,120,0.5,0.2,fixed,1000,7140,8140,1384.015625,973.984375,410.03125,762.8956971908698,200824,190961,9863
20,once,auto,cold,1,0.0,False,0,120,0.5,0.2,fixed,1000,7140,1123361,1071.375,1049.375,22.0,734.0000000000003,0,0,0
20,iterative,auto,warm,1,0.0,False,0,120,0.5,0.2,fixed,1000,7140,15101,718.4375,684.265625,34.171875,734.0000000000019,0,0,0
20,iterative,auto,warm,1,0.0,True,0,120,0.5,0.2,fixed,1000,7140,8497,414.46875,346.984375,67.484375,733.9999999999997,31621,21604,10017
21,once,auto,cold,1,0.0,False,0,130,0.5,0.2,fixed,1000,8385,1431041,2294.1875,2261.921875,32.265625,858.999999999999,0,0,0
21,iterative,auto,warm,1,0.0,False,0,130,0.5,0.2,fixed,1000,8385,19101,1593.625,1537.734375,55.890625,859.000000000001,0,0,0
21,iterative,auto,warm,1,0.0,True,0,130,0.5,0.2,fixed,1000,8385,8866,979.671875,860.875,118.796875,859.0000000000039,46307,33235,13072
22,once,auto,cold,1,0.0,False,0,140,0.5,0.2,fixed,1000,9730,1790321,3237.421875,3200.890625,36.53125,995.9999999999977,0,0,0
22,iterative,auto,warm,1,0.0,False,0,140,0.5,0.2,fixed,1000,9730,22101,2617.71875,2539.640625,78.078125,995.9999999999927,0,0,0
22,iterative,auto,warm,1,0.0,True,0,140,0.5,0.2,fixed,1000,9730,11211,1897.734375,1692.375,205.359375,995.9999999999987,62342,43890,18452
23,once,auto,cold,1,0.0,False,0,150,0.5,0.2,fixed,1000,11175,2205201,5709.796875,5658.25,51.546875,1130.9999999999968,0,0,0
23,iterative,auto,warm,1,0.0,False,0,150,0.5,0.2,fixed,1000,11175,22101,2911.125,2815.265625,95.859375,1131.000000000005,0,0,0
23,iterative,auto,warm,1,0.0,True,0,150,0.5,0.2,fixed,1000,11175,11994,1556.28125,1357.4375,198.84375,1131.0000000000002,50962,30977,19985
24,once,auto,cold,1,0.0,False,0,100,0.5,0.2,fixed,1000,4950,646801,380.140625,367.625,12.515625,481.0000000000005,0,0,0
24,iterative,auto,warm,1,0.0,False,0,100,0.5,0.2,fixed,1000,4950,10867,187.640625,173.046875,14.59375,481.00000000000136,0,0,0
24,iterative,auto,warm,1,0.0,True,0,100,0.5,0.2,fixed,1000,4950,6412,116.140625,89.703125,26.4375,481.0000000000025,19915,13689,6226
25,once,auto,cold,1,0.0,False,0,110,0.5,0.2,fixed,1000,5995,863281,309.75,293.34375,16.40625,620.2746987951814,0,0,0
25,iterative,auto,warm,1,0.0,False,0,110,0.5,0.2,fixed,1000,5995,15101,540.71875,515.34375,25.375,620.2746987951796,0,0,0
25,iterative,auto,warm,1,0.0,True,0,110,0.5,0.2,fixed,1000,5995,7018,428.890625,347.34375,81.546875,620.2746987951804,51934,43083,8851
26,once,auto,cold,1,0.0,False,0,120,0.5,0.2,fixed,1000,7140,1123361,1051.125,1029.296875,21.828125,736.9999999999956,0,0,0
26,iterative,auto,warm,1,0.0,False,0,120,0.5,0.2,fixed,1000,7140,16101,797.140625,761.9375,35.203125,737.0000000000024,0,0,0
26,iterative,auto,warm,1,0.0,True,0,120,0.5,0.2,fixed,1000,7140,7572,468.703125,397.84375,70.859375,737.0000000000006,33911,24529,9382
27,once,auto,cold,1,0.0,False,0,130,0.5,0.2,fixed,1000,8385,1431041,2148.65625,2119.171875,29.484375,848.9999999999991,0,0,0
27,iterative,auto,warm,1,0.0,False,0,130,0.5,0.2,fixed,1000,8385,18101,1281.375,1231.046875,50.328125,848.9999999999933,0,0,0
27,iterative,auto,warm,1,0.0,True,0,130,0.5,0.2,fixed,1000,8385,9733,768.140625,660.453125,107.6875,849.0000000000017,41859,27368,14491
28,once,auto,cold,1,0.0,False,0,140,0.5,0.2,fixed,1000,9730,1790321,3490.34375,3453.53125,36.8125,984.9999999999956,0,0,0
28,iterative,auto,warm,1,0.0,False,0,140,0.5,0.2,fixed,1000,9730,22101,2498.984375,2421.90625,77.078125,984.999999999996,0,0,0
28,iterative,auto,warm,1,0.0,True,0,140,0.5,0.2,fixed,1000,9730,11214,1614.953125,1438.5,176.453125,985.0000000000003,54748,36887,17861
29,once,auto,cold,1,0.0,False,0,150,0.5,0.2,fixed,1000,11175,2205201,5378.234375,5332.234375,46.0,1116.9999999999984,0,0,0
29,iterative,auto,warm,1,0.0,False,0,150,0.5,0.2,fixed,1000,11175,22101,3055.984375,2956.671875,99.3125,1117.0000000000039,0,0,0
29,iterative,auto,warm,1,0.0,True,0,150,0.5,0.2,fixed,1000,11175,12140,1726.140625,1511.453125,214.6875,1116.9999999999984,57007,34961,22046
3,once,auto,cold,1,0.0,False,0,130,0.5,0.2,fixed,1000,8385,1431041,2260.28125,2229.6875,30.59375,875.9999999999983,0,0,0
3,iterative,auto,warm,1,0.0,False,0,130,0.5,0.2,fixed,1000,8385,17101,1215.75,1164.34375,51.40625,875.9999999999983,0,0,0
3,iterative,auto,warm,1,0.0,True,0,130,0.5,0.2,fixed,1000,8385,9707,785.046875,674.40625,110.640625,876.0000000000035,41038,27394,13644
30,once,auto,cold,1,0.0,False,0,100,0.5,0.2,fixed,1000,4950,646801,388.484375,375.390625,13.09375,486.9999999999967,0,0,0
30,iterative,auto,warm,1,0.0,False,0,100,0.5,0.2,fixed,1000,4950,11295,208.375,192.515625,15.859375,487.0000000000034,0,0,0
30,iterative,auto,warm,1,0.0,True,0,100,0.5,0.2,fixed,1000,4950,6029,129.203125,100.28125,28.921875,487.0,22088,15650,6438
31,once,auto,cold,1,0.0,False,0,110,0.5,0.2,fixed,1000,5995,863281,747.75,730.421875,17.328125,633.0000000000017,0,0,0
31,iterative,auto,warm,1,0.0,False,0,110,0.5,0.2,fixed,1000,5995,15101,532.546875,507.53125,25.015625,632.9999999999992,0,0,0
31,iterative,auto,warm,1,0.0,True,0,110,0.5,0.2,fixed,1000,5995,6949,398.4375,336.59375,61.84375,632.9999999999984,37065,29366,7699
32,once,auto,cold,1,0.0,False,0,120,0.5,0.2,fixed,1000,7140,1123361,1138.15625,1115.4375,22.71875,727.9999999999836,0,0,0
32,iterative,auto,warm,1,0.0,False,0,120,0.5,0.2,fixed,1000,7140,15335,682.453125,648.046875,34.40625,727.9999999999948,0,0,0
32,iterative,auto,warm,1,0.0,True,0,120,0.5,0.2,fixed,1000,7140,8482,396.40625,332.6875,63.71875,727.9999999999995,30249,20619,9630
33,once,auto,cold,1,0.0,False,0,130,0.5,0.2,fixed,1000,8385,1431041,2252.15625,2223.640625,28.515625,866.0000000000024,0,0,0
33,iterative,auto,warm,1,0.0,False,0,130,0.5,0.2,fixed,1000,8385,18355,1276.875,1224.90625,51.96875,866.0000000000052,0,0,0
33,iterative,auto,warm,1,0.0,True,0,130,0.5,0.2,fixed,1000,8385,9244,783.84375,678.203125,105.640625,865.9999999999948,41086,27365,13721
4,once,auto,cold,1,0.0,False,0,140,0.5,0.2,fixed,1000,9730,1790321,3524.578125,3487.40625,37.171875,987.9999999999899,0,0,0
4,iterative,auto,warm,1,0.0,False,0,140,0.5,0.2,fixed,1000,9730,21101,2298.765625,2223.71875,75.046875,988.0000000000017,0,0,0
4,iterative,auto,warm,1,0.0,True,0,140,0.5,0.2,fixed,1000,9730,10881,1573.375,1393.921875,179.453125,988.0000000000058,57371,39030,18341
5,once,auto,cold,1,0.0,False,0,150,0.5,0.2,fixed,1000,11175,2205201,5274.3125,5229.578125,44.734375,1182.0000000000066,0,0,0
5,iterative,auto,warm,1,0.0,False,0,150,0.5,0.2,fixed,1000,11175,23101,3663.078125,3564.25,98.828125,1182.000000000007,0,0,0
5,iterative,auto,warm,1,0.0,True,0,150,0.5,0.2,fixed,1000,11175,11846,2447.71875,2219.046875,228.671875,1182.0000000000034,58912,39549,19363
6,once,auto,cold,1,0.0,False,0,100,0.5,0.2,fixed,1000,4950,646801,375.453125,362.671875,12.78125,506.000000000004,0,0,0
6,iterative,auto,warm,1,0.0,False,0,100,0.5,0.2,fixed,1000,4950,12101,244.859375,230.015625,14.84375,506.0000000000006,0,0,0
6,iterative,auto,warm,1,0.0,True,0,100,0.5,0.2,fixed,1000,4950,5592,162.375,131.640625,30.734375,506.00000000000153,23870,18509,5361
7,once,auto,cold,1,0.0,False,0,110,0.5,0.2,fixed,1000,5995,863281,746.4375,729.671875,16.765625,607.0000000000011,0,0,0
7,iterative,auto,warm,1,0.0,False,0,110,0.5,0.2,fixed,1000,5995,14529,488.953125,464.578125,24.375,607.0000000000038,0,0,0
7,iterative,auto,warm,1,0.0,True,0,110,0.5,0.2,fixed,1000,5995,6921,351.296875,295.4375,55.859375,607.0000000000017,33615,25394,8221
8,once,auto,cold,1,0.0,False,0,120,0.5,0.2,fixed,1000,7140,1123361,1155.078125,1133.734375,21.34375,699.0000000000013,0,0,0
8,iterative,auto,warm,1,0.0,False,0,120,0.5,0.2,fixed,1000,7140,15101,622.671875,589.1875,33.484375,698.999999999999,0,0,0
8,iterative,auto,warm,1,0.0,True,0,120,0.5,0.2,fixed,1000,7140,7386,328.328125,266.34375,61.984375,698.9999999999983,31202,20715,10487
9,once,auto,cold,1,0.0,False,0,130,0.5,0.2,fixed,1000,8385,1431041,1821.296875,1792.234375,29.0625,843.0000000000055,0,0,0
9,iterative,auto,warm,1,0.0,False,0,130,0.5,0.2,fixed,1000,8385,16863,933.828125,886.1875,47.640625,842.9999999999983,0,0,0
9,iterative,auto,warm,1,0.0,True,0,130,0.5,0.2,fixed,1000,8385,9469,508.46875,419.796875,88.671875,843.0000000000003,35370,21632,13738
100,once,auto,cold,1,0.0,False,0,100,0.5,0.2,fixed,1000,4950,646801,377.1875,365.578125,11.609375,503.99999999998926,0,0,0
100,iterative,auto,warm,1,0.0,False,0,100,0.5,0.2,fixed,1000,4950,11101,158.296875,144.78125,13.515625,503.9999999999983,0,0,0
100,iterative,auto,warm,1,0.0,True,0,100,0.5,0.2,fixed,1000,4950,5402,101.5,77.625,23.875,503.99999999999847,18555,13699,4856
101,once,auto,cold,1,0.0,False,0,110,0.5,0.2,fixed,1000,5995,863281,627.0625,611.453125,15.609375,604.999999999995,0,0,0
101,iterative,auto,warm,1,0.0,False,0,110,0.5,0.2,fixed,1000,5995,14101,398.78125,377.0625,21.71875,604.9999999999999,0,0,0
101,iterative,auto,warm,1,0.0,True,0,110,0.5,0.2,fixed,1000,5995,7402,232.015625,190.875,41.140625,604.9999999999986,27009,18699,8310
102,once,auto,cold,1,0.0,False,0,120,0.5,0.2,fixed,1000,7140,1123361,1247.1875,1226.296875,20.890625,666.0000000000024,0,0,0
102,iterative,auto,warm,1,0.0,False,0,120,0.5,0.2,fixed,1000,7140,14101,469.078125,440.5,28.578125,665.9999999999992,0,0,0
102,iterative,auto,warm,1,0.0,True,0,120,0.5,0.2,fixed,1000,7140,7851,234.828125,182.75,52.078125,666.0000000000011,27423,16952,10471
103,once,auto,cold,1,0.0,False,0,130,0.5,0.2,fixed,1000,8385,1431041,1849.546875,1822.609375,26.9375,849.9999999999912,0,0,0
103,iterative,auto,warm,1,0.0,False,0,130,0.5,0.2,fixed,1000,8385,17609,1118.609375,1071.71875,46.890625,850.0000000000003,0,0,0
103,iterative,auto,warm,1,0.0,True,0,130,0.5,0.2,fixed,1000,8385,9622,631.21875,538.484375,92.734375,850.0000000000017,38815,24479,14336
104,once,auto,cold,1,0.0,False,0,140,0.5,0.2,fixed,1000,9730,1790321,3591.46875,3557.765625,33.703125,963.9999999999987,0,0,0
104,iterative,auto,warm,1,0.0,False,0,140,0.5,0.2,fixed,1000,9730,20779,2142.90625,2076.359375,66.546875,964.0000000000034,0,0,0
104,iterative,auto,warm,1,0.0,True,0,140,0.5,0.2,fixed,1000,9730,10919,1173.0,1024.078125,148.921875,964.0,51512,33182,18330
105,once,auto,cold,1,0.0,False,0,150,0.5,0.2,fixed,1000,11175,2205201,4350.453125,4308.359375,42.09375,1118.9999999999845,0,0,0
105,iterative,auto,warm,1,0.0,False,0,150,0.5,0.2,fixed,1000,11175,22101,2795.640625,2704.09375,91.546875,1118.9999999999948,0,0,0
105,iterative,auto,warm,1,0.0,True,0,150,0.5,0.2,fixed,1000,11175,11132,1478.59375,1293.328125,185.265625,1119.0000000000032,51264,31969,19295
106,once,auto,cold,1,0.0,False,0,100,0.5,0.2,fixed,1000,4950,646801,101.78125,90.15625,11.625,529.3757649938826,0,0,0
106,iterative,auto,warm,1,0.0,False,0,100,0.5,0.2,fixed,1000,4950,14676,324.859375,305.84375,19.015625,529.3757649938801,0,0,0
106,iterative,auto,warm,1,0.0,True,0,100,0.5,0.2,fixed,1000,4950,5947,425.578125,268.265625,157.3125,529.3757649938797,146361,140154,6207
107,once,auto,cold,1,0.0,False,0,110,0.5,0.2,fixed,1000,5995,863281,667.71875,651.21875,16.5,625.9999999999925,0,0,0
107,iterative,auto,warm,1,0.0,False,0,110,0.5,0.2,fixed,1000,5995,14101,446.765625,424.75,22.015625,625.9999999999966,0,0,0
107,iterative,auto,warm,1,0.0,True,0,110,0.5,0.2,fixed,1000,5995,7009,286.203125,241.109375,45.09375,625.9999999999973,29292,21512,7780
108,once,auto,cold,1,0.0,False,0,120,0.5,0.2,fixed,1000,7140,1123361,984.15625,963.765625,20.390625,736.9999999999983,0,0,0
108,iterative,auto,warm,1,0.0,False,0,120,0.5,0.2,fixed,1000,7140,19101,1145.578125,1108.890625,36.6875,737.0000000000036,0,0,0
108,iterative,auto,warm,1,0.0,True,0,120,0.5,0.2,fixed,1000,7140,8433,839.453125,732.859375,106.59375,736.9999999999997,56621,44136,12485
109,once,auto,cold,1,0.0,False,0,130,0.5,0.2,fixed,1000,8385,1431041,2155.671875,2133.984375,21.6875,846.0000000000006,0,0,0
109,iterative,auto,warm,1,0.0,False,0,130,0.5,0.2,fixed,1000,8385,18101,1254.703125,1207.4375,47.265625,846.0000000000061,0,0,0
109,iterative,auto,warm,1,0.0,True,0,130,0.5,0.2,fixed,1000,8385,8987,779.546875,676.75,102.796875,845.9999999999991,42464,28368,14096
110,once,auto,cold,1,0.0,False,0,140,0.5,0.2,fixed,1000,9730,1790321,3163.984375,3136.4375,27.546875,959.9999999999973,0,0,0
110,iterative,auto,warm,1,0.0,False,0,140,0.5,0.2,fixed,1000,9730,19101,1559.109375,1495.71875,63.390625,959.9999999999973,0,0,0
110,iterative,auto,warm,1,0.0,True,0,140,0.5,0.2,fixed,1000,9730,9871,668.546875,560.859375,107.6875,959.9999999999976,42590,25504,17086
111,once,auto,cold,1,0.0,False,0,150,0.5,0.2,fixed,1000,11175,2205201,5365.703125,5323.25,42.453125,1143.000000000007,0,0,0
111,iterative,auto,warm,1,0.0,False,0,150,0.5,0.2,fixed,1000,11175,22395,2942.875,2847.53125,95.34375,1143.0000000000034,0,0,0
111,iterative,auto,warm,1,0.0,True,0,150,0.5,0.2,fixed,1000,11175,12263,1661.78125,1482.84375,178.9375,1143.0000000000034,54291,33838,20453
112,once,auto,cold,1,0.0,False,0,100,0.5,0.2,fixed,1000,4950,646801,415.78125,403.53125,12.25,500.0000000000005,0,0,0
112,iterative,auto,warm,1,0.0,False,0,100,0.5,0.2,fixed,1000,4950,12295,258.796875,243.5,15.296875,499.9999999999968,0,0,0
112,iterative,auto,warm,1,0.0,True,0,100,0.5,0.2,fixed,1000,4950,6629,180.140625,149.828125,30.3125,500.0,24982,18472,6510
113,once,auto,cold,1,0.0,False,0,110,0.5,0.2,fixed,1000,5995,863281,695.171875,679.40625,15.765625,595.0000000000063,0,0,0
113,iterative,auto,warm,1,0.0,False,0,110,0.5,0.2,fixed,1000,5995,13101,297.75,277.84375,19.90625,595.0000000000045,0,0,0
113,iterative,auto,warm,1,0.0,True,0,110,0.5,0.2,fixed,1000,5995,6310,170.9375,135.21875,35.71875,595.0000000000001,22790,15791,6999
114,once,auto,cold,1,0.0,False,0,120,0.5,0.2,fixed,1000,7140,1123361,1131.421875,1113.296875,18.125,711.0000000000003,0,0,0
114,iterative,auto,warm,1,0.0,False,0,120,0.5,0.2,fixed,1000,7140,14101,541.609375,511.9375,29.671875,711.0000000000048,0,0,0
114,iterative,auto,warm,1,0.0,True,0,120,0.5,0.2,fixed,1000,7140,8357,312.875,253.484375,59.390625,711.000000000001,29977,19744,10233
115,once,auto,cold,1,0.0,False,0,130,0.5,0.2,fixed,1000,8385,1431041,2244.453125,2217.3125,27.140625,890.0000000000035,0,0,0
115,iterative,auto,warm,1,0.0,False,0,130,0.5,0.2,fixed,1000,8385,18101,1262.296875,1216.609375,45.6875,890.0000000000048,0,0,0
115,iterative,auto,warm,1,0.0,True,0,130,0.5,0.2,fixed,1000,8385,8835,784.984375,691.53125,93.453125,889.9999999999976,41527,30266,11261
116,once,auto,cold,1,0.0,False,0,140,0.5,0.2,fixed,1000,9730,1790321,3428.25,3394.625,33.625,978.0000000000031,0,0,0
116,iterative,auto,warm,1,0.0,False,0,140,0.5,0.2,fixed,1000,9730,19101,1615.9375,1553.125,62.8125,978.0000000000032,0,0,0
116,iterative,auto,warm,1,0.0,True,0,140,0.5,0.2,fixed,1000,9730,10609,928.875,798.828125,130.046875,977.9999999999956,45664,28310,17354
117,once,auto,cold,1,0.0,False,0,150,0.5,0.2,fixed,1000,11175,2205201,5392.34375,5358.9375,33.40625,1145.9999999999934,0,0,0
117,iterative,auto,warm,1,0.0,False,0,150,0.5,0.2,fixed,1000,11175,23101,3219.515625,3122.4375,97.078125,1146.0000000000011,0,0,0
117,iterative,auto,warm,1,0.0,True,0,150,0.5,0.2,fixed,1000,11175,12116,1778.46875,1594.609375,183.859375,1146.000000000002,55430,34867,20563
118,once,auto,cold,1,0.0,False,0,100,0.5,0.2,fixed,1000,4950,646801,99.984375,87.859375,12.125,522.3470509219671,0,0,0
118,iterative,auto,warm,1,0.0,False,0,100,0.5,0.2,fixed,1000,4950,14822,343.359375,324.125,19.234375,522.3470509219729,0,0,0
118,iterative,auto,warm,1,0.0,True,0,100,0.5,0.2,fixed,1000,4950,5948,406.5625,275.375,131.1875,522.3470509219692,120181,114153,6028
119,once,auto,cold,1,0.0,False,0,110,0.5,0.2,fixed,1000,5995,863281,623.09375,610.296875,12.796875,617.0000000000013,0,0,0
119,iterative,auto,warm,1,0.0,False,0,110,0.5,0.2,fixed,1000,5995,13101,355.4375,335.15625,20.28125,617.0000000000001,0,0,0
119,iterative,auto,warm,1,0.0,True,0,110,0.5,0.2,fixed,1000,5995,6427,214.703125,176.03125,38.671875,617.0000000000027,24386,17674,6712
120,once,auto,cold,1,0.0,False,0,120,0.5,0.2,fixed,1000,7140,1123361,1114.84375,1094.046875,20.796875,722.0000000000009,0,0,0
120,iterative,auto,warm,1,0.0,False,0,120,0.5,0.2,fixed,1000,7140,15335,619.078125,587.359375,31.71875,721.999999999999,0,0,0
120,iterative,auto,warm,1,0.0,True,0,120,0.5,0.2,fixed,1000,7140,8389,292.703125,240.0625,52.640625,721.9999999999976,29635,19712,9923
121,once,auto,cold,1,0.0,False,0,130,0.5,0.2,fixed,1000,8385,1431041,1900.171875,1878.953125,21.21875,828.9999999999658,0,0,0
121,iterative,auto,warm,1,0.0,False,0,130,0.5,0.2,fixed,1000,8385,17101,1049.875,1003.0625,46.8125,829.0000000000036,0,0,0
121,iterative,auto,warm,1,0.0,True,0,130,0.5,0.2,fixed,1000,8385,9531,495.484375,413.15625,82.328125,828.9999999999991,39259,24570,14689
122,once,auto,cold,1,0.0,False,0,140,0.5,0.2,fixed,1000,9730,1790321,2528.65625,2501.875,26.78125,1027.999999999993,0,0,0
122,iterative,auto,warm,1,0.0,False,0,140,0.5,0.2,fixed,1000,9730,22101,2552.4375,2481.078125,71.359375,1027.9999999999902,0,0,0
122,iterative,auto,warm,1,0.0,True,0,140,0.5,0.2,fixed,1000,9730,11323,1663.5625,1493.953125,169.609375,1028.0000000000057,59208,41778,17430
123,once,auto,cold,1,0.0,False,0,150,0.5,0.2,fixed,1000,11175,2205201,3745.515625,3712.140625,33.375,1183.0000000000039,0,0,0
123,iterative,auto,warm,1,0.0,False,0,150,0.5,0.2,fixed,1000,11175,25101,4246.765625,4145.671875,101.09375,1183.0000000000114,0,0,0
123,iterative,auto,warm,1,0.0,True,0,150,0.5,0.2,fixed,1000,11175,11752,2904.171875,2674.09375,230.078125,1183.0000000000016,70475,50349,20126
124,once,auto,cold,1,0.0,False,0,100,0.5,0.2,fixed,1000,4950,646801,430.921875,419.15625,11.765625,523.999999999999,0,0,0
124,iterative,auto,warm,1,0.0,False,0,100,0.5,0.2,fixed,1000,4950,12295,249.15625,232.96875,16.1875,524.0000000000003,0,0,0
124,iterative,auto,warm,1,0.0,True,0,100,0.5,0.2,fixed,1000,4950,5970,173.015625,141.8125,31.203125,524.0000000000006,25788,19519,6269
125,once,auto,cold,1,0.0,False,0,110,0.5,0.2,fixed,1000,5995,863281,591.734375,576.03125,15.703125,599.9999999999968,0,0,0
125,iterative,auto,warm,1,0.0,False,0,110,0.5,0.2,fixed,1000,5995,14101,432.296875,410.734375,21.5625,599.9999999999978,0,0,0
125,iterative,auto,warm,1,0.0,True,0,110,0.5,0.2,fixed,1000,5995,7488,284.21875,236.453125,47.765625,599.9999999999992,30716,22613,8103
126,once,auto,cold,1,0.0,False,0,120,0.5,0.2,fixed,1000,7140,1123361,1041.046875,1020.375,20.671875,719.9999999999733,0,0,0
126,iterative,auto,warm,1,0.0,False,0,120,0.5,0.2,fixed,1000,7140,16101,794.234375,762.109375,32.125,719.9999999999997,0,0,0
126,iterative,auto,warm,1,0.0,True,0,120,0.5,0.2,fixed,1000,7140,8482,339.78125,286.515625,53.265625,719.9999999999977,33919,23619,10300
127,once,auto,cold,1,0.0,False,0,130,0.5,0.2,fixed,1000,8385,1431041,2114.6875,2093.578125,21.109375,890.9999999999927,0,0,0
127,iterative,auto,warm,1,0.0,False,0,130,0.5,0.2,fixed,1000,8385,18355,1349.0,1300.65625,48.34375,891.0000000000015,0,0,0
127,iterative,auto,warm,1,0.0,True,0,130,0.5,0.2,fixed,1000,8385,9689,831.96875,733.34375,98.625,890.9999999999939,43669,30170,13499
128,once,auto,cold,1,0.0,False,0,140,0.5,0.2,fixed,1000,9730,1790321,3551.703125,3517.984375,33.71875,1019.9999999999992,0,0,0
128,iterative,auto,warm,1,0.0,False,0,140,0.5,0.2,fixed,1000,9730,20101,1838.859375,1774.234375,64.625,1020.0000000000023,0,0,0
128,iterative,auto,warm,1,0.0,True,0,140,0.5,0.2,fixed,1000,9730,10932,1087.5625,959.265625,128.296875,1019.9999999999927,47035,30169,16866
129,once,auto,cold,1,0.0,False,0,150,0.5,0.2,fixed,1000,11175,2205201,5336.203125,5300.59375,35.609375,1137.0000000000007,0,0,0
129,iterative,auto,warm,1,0.0,False,0,150,0.5,0.2,fixed,1000,11175,23979,3388.984375,3293.578125,95.40625,1137.0000000000025,0,0,0
129,iterative,auto,warm,1,0.0,True,0,150,0.5,0.2,fixed,1000,11175,12469,2187.15625,1966.921875,220.234375,1137.0000000000016,62329,39632,22697
130,once,auto,cold,1,0.0,False,0,100,0.5,0.2,fixed,1000,4950,646801,370.71875,358.78125,11.9375,484.9999999999955,0,0,0
130,iterative,auto,warm,1,0.0,False,0,100,0.5,0.2,fixed,1000,4950,12063,209.65625,195.078125,14.578125,484.9999999999984,0,0,0
130,iterative,auto,warm,1,0.0,True,0,100,0.5,0.2,fixed,1000,4950,6532,137.453125,110.71875,26.734375,485.00000000000085,21940,15569,6371
131,once,auto,cold,1,0.0,False,0,110,0.5,0.2,fixed,1000,5995,863281,632.734375,617.0625,15.671875,614.0000000000067,0,0,0
131,iterative,auto,warm,1,0.0,False,0,110,0.5,0.2,fixed,1000,5995,13101,391.5,371.40625,20.09375,613.9999999999999,0,0,0
131,iterative,auto,warm,1,0.0,True,0,110,0.5,0.2,fixed,1000,5995,7524,261.84375,219.984375,41.859375,614.000000000001,26232,18577,7655
132,once,auto,cold,1,0.0,False,0,120,0.5,0.2,fixed,1000,7140,1123361,1143.890625,1123.09375,20.796875,712.9999999999983,0,0,0
132,iterative,auto,warm,1,0.0,False,0,120,0.5,0.2,fixed,1000,7140,14335,500.390625,469.859375,30.53125,713.0000000000003,0,0,0
132,iterative,auto,warm,1,0.0,True,0,120,0.5,0.2,fixed,1000,7140,7271,266.0625,213.453125,52.609375,713.0000000000017,26972,17830,9142
133,once,auto,cold,1,0.0,False,0,130,0.5,0.2,fixed,1000,8385,1431041,2182.125,2155.25,26.875,880.0000000000049,0,0,0
133,iterative,auto,warm,1,0.0,False,0,130,0.5,0.2,fixed,1000,8385,19101,1446.859375,1398.28125,48.578125,880.0000000000013,0,0,0
133,iterative,auto,warm,1,0.0,True,0,130,0.5,0.2,fixed,1000,8385,9764,781.09375,679.15625,101.9375,880.0000000000014,40476,28337,12139
134,once,auto,cold,1,0.0,False,0,140,0.5,0.2,fixed,1000,9730,1790321,2952.59375,2918.859375,33.734375,977.0000000000073,0,0,0
134,iterative,auto,warm,1,0.0,False,0,140,0.5,0.2,fixed,1000,9730,19101,1580.15625,1517.828125,62.328125,976.9999999999957,0,0,0
134,iterative,auto,warm,1,0.0,True,0,140,0.5,0.2,fixed,1000,9730,10551,789.625,666.515625,123.109375,977.0000000000034,42693,25550,17143
135,once,auto,cold,1,0.0,False,0,150,0.5,0.2,fixed,1000,11175,2205201,5425.453125,5383.875,41.578125,1137.0000000000066,0,0,0
135,iterative,auto,warm,1,0.0,False,0,150,0.5,0.2,fixed,1000,11175,22395,2842.03125,2748.984375,93.046875,1136.9999999999957,0,0,0
135,iterative,auto,warm,1,0.0,True,0,150,0.5,0.2,fixed,1000,11175,11784,1686.953125,1487.640625,199.3125,1136.9999999999995,54559,33905,20654
136,once,auto,cold,1,0.0,False,0,100,0.5,0.2,fixed,1000,4950,646801,388.09375,376.203125,11.890625,520.9999999999966,0,0,0
136,iterative,auto,warm,1,0.0,False,0,100,0.5,0.2,fixed,1000,4950,13101,284.703125,269.453125,15.25,521.0000000000053,0,0,0
136,iterative,auto,warm,1,0.0,True,0,100,0.5,0.2,fixed,1000,4950,5956,224.328125,186.625,37.703125,521.0000000000006,31989,25339,6650
137,once,auto,cold,1,0.0,False,0,110,0.5,0.2,fixed,1000,5995,863281,638.75,623.03125,15.71875,585.9999999999984,0,0,0
137,iterative,auto,warm,1,0.0,False,0,110,0.5,0.2,fixed,1000,5995,13101,340.84375,320.078125,20.765625,586.0000000000001,0,0,0
137,iterative,auto,warm,1,0.0,True,0,110,0.5,0.2,fixed,1000,5995,6362,180.390625,144.8125,35.578125,585.9999999999957,22907,15739,7168
138,once,auto,cold,1,0.0,False,0,120,0.5,0.2,fixed,1000,7140,1123361,1236.046875,1215.34375,20.703125,733.9999999999915,0,0,0
138,iterative,auto,warm,1,0.0,False,0,120,0.5,0.2,fixed,1000,7140,17101,924.875,890.046875,34.828125,734.0000000000036,0,0,0
138,iterative,auto,warm,1,0.0,True,0,120,0.5,0.2,fixed,1000,7140,8735,607.984375,533.203125,74.78125,733.9999999999976,38369,28298,10071
139,once,auto,cold,1,0.0,False,0,130,0.5,0.2,fixed,1000,8385,1431041,1955.21875,1928.421875,26.796875,848.9999999999983,0,0,0
139,iterative,auto,warm,1,0.0,False,0,130,0.5,0.2,fixed,1000,8385,16355,836.578125,792.4375,44.140625,848.9999999999995,0,0,0
139,iterative,auto,warm,1,0.0,True,0,130,0.5,0.2,fixed,1000,8385,9378,422.890625,344.109375,78.78125,848.9999999999992,33077,19723,13354
140,once,auto,cold,1,0.0,False,0,140,0.5,0.2,fixed,1000,9730,1790321,2952.25,2918.4375,33.8125,965.0000000000034,0,0,0
140,iterative,auto,warm,1,0.0,False,0,140,0.5,0.2,fixed,1000,9730,19101,1351.359375,1288.390625,62.96875,965.0000000000019,0,0,0
140,iterative,auto,warm,1,0.0,True,0,140,0.5,0.2,fixed,1000,9730,9747,654.03125,537.4375,116.59375,964.9999999999983,40830,23628,17202
141,once,auto,cold,1,0.0,False,0,150,0.5,0.2,fixed,1000,11175,2205201,5222.21875,5180.265625,41.953125,1147.9999999999968,0,0,0
141,iterative,auto,warm,1,0.0,False,0,150,0.5,0.2,fixed,1000,11175,24101,3749.921875,3652.984375,96.9375,1148.0000000000043,0,0,0
141,iterative,auto,warm,1,0.0,True,0,150,0.5,0.2,fixed,1000,11175,12546,2624.34375,2379.140625,245.203125,1148.0000000000002,64470,42555,21915
142,once,auto,cold,1,0.0,False,0,100,0.5,0.2,fixed,1000,4950,646801,531.328125,518.875,12.453125,493.0000000000003,0,0,0
142,iterative,auto,warm,1,0.0,False,0,100,0.5,0.2,fixed,1000,4950,13101,307.421875,289.921875,17.5,493.0,0,0,0
142,iterative,auto,warm,1,0.0,True,0,100,0.5,0.2,fixed,1000,4950,6676,204.34375,166.1875,38.15625,492.9999999999987,27484,20425,7059
143,once,auto,cold,1,0.0,False,0,110,0.5,0.2,fixed,1000,5995,863281,818.984375,801.578125,17.40625,587.0000000000038,0,0,0
143,iterative,auto,warm,1,0.0,False,0,110,0.5,0.2,fixed,1000,5995,13101,408.78125,385.390625,23.390625,587.0000000000036,0,0,0
143,iterative,auto,warm,1,0.0,True,0,110,0.5,0.2,fixed,1000,5995,6975,217.734375,170.375,47.359375,586.9999999999967,25834,17766,8068
144,once,auto,cold,1,0.0,False,0,120,0.5,0.2,fixed,1000,7140,1123361,1848.984375,1824.40625,24.578125,754.9999999999991,0,0,0
144,iterative,auto,warm,1,0.0,False,0,120,0.5,0.2,fixed,1000,7140,16101,1196.90625,1145.71875,51.1875,754.9999999999987,0,0,0
144,iterative,auto,warm,1,0.0,True,0,120,0.5,0.2,fixed,1000,7140,8429,790.28125,679.6875,110.59375,755.000000000001,35579,25372,10207
145,once,auto,cold,1,0.0,False,0,130,0.5,0.2,fixed,1000,8385,1431041,3101.140625,3061.015625,40.125,861.9999999999901,0,0,0
145,iterative,auto,warm,1,0.0,False,0,130,0.5,0.2,fixed,1000,8385,18609,1556.21875,1491.28125,64.9375,862.0000000000023,0,0,0
145,iterative,auto,warm,1,0.0,True,0,130,0.5,0.2,fixed,1000,8385,9427,900.234375,790.078125,110.15625,861.9999999999997,44454,30182,14272
146,once,auto,cold,1,0.0,False,0,140,0.5,0.2,fixed,1000,9730,1790321,2794.609375,2760.6875,33.921875,959.999999999996,0,0,0
146,iterative,auto,warm,1,0.0,False,0,140,0.5,0.2,fixed,1000,9730,20375,2013.09375,1932.484375,80.609375,959.9999999999961,0,0,0
146,iterative,auto,warm,1,0.0,True,0,140,0.5,0.2,fixed,1000,9730,10864,1011.84375,868.859375,142.984375,960.0000000000008,48668,30237,18431
147,once,auto,cold,1,0.0,False,0,150,0.5,0.2,fixed,1000,11175,2205201,5630.265625,5593.28125,36.984375,1079.999999999997,0,0,0
147,iterative,auto,warm,1,0.0,False,0,150,0.5,0.2,fixed,1000,11175,23101,3309.59375,3209.171875,100.421875,1079.9999999999998,0,0,0
147,iterative,auto,warm,1,0.0,True,0,150,0.5,0.2,fixed,1000,11175,12242,1928.546875,1706.296875,222.25,1079.9999999999975,61225,36859,24366
148,once,auto,cold,1,0.0,False,0,100,0.5,0.2,fixed,1000,4950,646801,440.53125,428.546875,11.984375,511.0000000000005,0,0,0
148,iterative,auto,warm,1,0.0,False,0,100,0.5,0.2,fixed,1000,4950,12295,271.78125,256.046875,15.734375,511.0000000000055,0,0,0
148,iterative,auto,warm,1,0.0,True,0,100,0.5,0.2,fixed,1000,4950,6664,189.453125,156.03125,33.421875,510.99999999999915,27002,20437,6565
149,once,auto,cold,1,0.0,False,0,110,0.5,0.2,fixed,1000,5995,863281,743.359375,727.53125,15.828125,606.0000000000017,0,0,0
149,iterative,auto,warm,1,0.0,False,0,110,0.5,0.2,fixed,1000,5995,14315,511.015625,487.15625,23.859375,606.0000000000057,0,0,0
149,iterative,auto,warm,1,0.0,True,0,110,0.5,0.2,fixed,1000,5995,7674,360.5,305.359375,55.140625,605.9999999999987,32903,24427,8476
150,once,auto,cold,1,0.0,False,0,120,0.5,0.2,fixed,1000,7140,1123361,1170.171875,1148.078125,22.09375,723.9999999999973,0,0,0
150,iterative,auto,warm,1,0.0,False,0,120,0.5,0.2,fixed,1000,7140,15101,676.5625,645.515625,31.046875,724.0000000000008,0,0,0
150,iterative,auto,warm,1,0.0,True,0,120,0.5,0.2,fixed,1000,7140,7781,403.546875,339.9375,63.609375,724.0000000000027,31718,21554,10164
151,once,auto,cold,1,0.0,False,0,130,0.5,0.2,fixed,1000,8385,1431041,1940.5625,1913.453125,27.109375,794.0000000000111,0,0,0
151,iterative,auto,warm,1,0.0,False,0,130,0.5,0.2,fixed,1000,8385,16101,820.6875,776.765625,43.921875,793.9999999999991,0,0,0
151,iterative,auto,warm,1,0.0,True,0,130,0.5,0.2,fixed,1000,8385,8577,414.0625,328.84375,85.21875,793.9999999999997,35213,20778,14435
152,once,auto,cold,1,0.0,False,0,140,0.5,0.2,fixed,1000,9730,1790321,3569.421875,3532.9375,36.484375,981.999999999993,0,0,0
152,iterative,auto,warm,1,0.0,False,0,140,0.5,0.2,fixed,1000,9730,21101,2211.984375,2140.109375,71.875,981.9999999999968,0,0,0
152,iterative,auto,warm,1,0.0,True,0,140,0.5,0.2,fixed,1000,9730,9980,1255.890625,1101.1875,154.703125,982.0000000000024,48844,32121,16723
153,once,auto,cold,1,0.0,False,0,150,0.5,0.2,fixed,1000,11175,2205201,5366.65625,5323.15625,43.5,1135.000000000009,0,0,0
153,iterative,auto,warm,1,0.0,False,0,150,0.5,0.2,fixed,1000,11175,23395,3390.421875,3286.5625,103.859375,1135.000000000009,0,0,0
153,iterative,auto,warm,1,0.0,True,0,150,0.5,0.2,fixed,1000,11175,12231,1850.96875,1638.1875,212.78125,1134.9999999999989,56629,34870,21759
154,once,auto,cold,1,0.0,False,0,100,0.5,0.2,fixed,1000,4950,646801,389.53125,376.671875,12.859375,475.000000000002,0,0,0
154,iterative,auto,warm,1,0.0,False,0,100,0.5,0.2,fixed,1000,4950,10971,157.484375,143.0,14.484375,475.0,0,0,0
154,iterative,auto,warm,1,0.0,True,0,100,0.5,0.2,fixed,1000,4950,6238,90.265625,65.8125,24.453125,475.0000000000003,19144,12863,6281
155,once,auto,cold,1,0.0,False,0,110,0.5,0.2,fixed,1000,5995,863281,611.3125,594.375,16.9375,630.9999999999916,0,0,0
155,iterative,auto,warm,1,0.0,False,0,110,0.5,0.2,fixed,1000,5995,16101,615.28125,589.4375,25.84375,631.0000000000016,0,0,0
155,iterative,auto,warm,1,0.0,True,0,110,0.5,0.2,fixed,1000,5995,7257,446.25,380.125,66.125,631.0000000000008,41435,33272,8163
156,once,auto,cold,1,0.0,False,0,120,0.5,0.2,fixed,1000,7140,1123361,499.890625,479.140625,20.75,718.3290000000007,0,0,0
156,iterative,auto,warm,1,0.0,False,0,120,0.5,0.2,fixed,1000,7140,18184,882.6875,844.546875,38.140625,718.3290000000002,0,0,0
156,iterative,auto,warm,1,0.0,True,0,120,0.5,0.2,fixed,1000,7140,8169,656.171875,531.734375,124.4375,718.3290000000002,63589,50932,12657
157,once,auto,cold,1,0.0,False,0,130,0.5,0.2,fixed,1000,8385,1431041,2117.5,2088.40625,29.09375,813.0000000000089,0,0,0
157,iterative,auto,warm,1,0.0,False,0,130,0.5,0.2,fixed,1000,8385,17101,1031.28125,983.46875,47.8125,812.999999999995,0,0,0
157,iterative,auto,warm,1,0.0,True,0,130,0.5,0.2,fixed,1000,8385,9504,569.453125,470.953125,98.5,813.0000000000039,39075,24597,14478
158,once,auto,cold,1,0.0,False,0,140,0.5,0.2,fixed,1000,9730,1790321,3100.1875,3059.625,40.5625,926.0000000000017,0,0,0
158,iterative,auto,warm,1,0.0,False,0,140,0.5,0.2,fixed,1000,9730,19101,1547.875,1475.90625,71.96875,925.9999999999969,0,0,0
158,iterative,auto,warm,1,0.0,True,0,140,0.5,0.2,fixed,1000,9730,10486,755.40625,620.0,135.40625,926.0000000000027,42208,24615,17593
159,once,auto,cold,1,0.0,False,0,150,0.5,0.2,fixed,1000,11175,2205201,5575.25,5531.015625,44.234375,1140.0000000000007,0,0,0
159,iterative,auto,warm,1,0.0,False,0,150,0.5,0.2,fixed,1000,11175,23101,4308.703125,4197.28125,111.421875,1139.9999999999973,0,0,0
159,iterative,auto,warm,1,0.0,True,0,150,0.5,0.2,fixed,1000,11175,12157,1867.125,1656.671875,210.453125,1140.0000000000002,58322,36944,21378
160,once,auto,cold,1,0.0,False,0,100,0.5,0.2,fixed,1000,4950,646801,419.859375,407.171875,12.6875,513.9999999999982,0,0,0
160,iterative,auto,warm,1,0.0,False,0,100,0.5,0.2,fixed,1000,4950,13101,296.3125,280.28125,16.03125,513.9999999999978,0,0,0
160,iterative,auto,warm,1,0.0,True,0,100,0.5,0.2,fixed,1000,4950,6696,199.875,165.4375,34.4375,513.9999999999989,26802,20375,6427
161,once,auto,cold,1,0.0,False,0,110,0.5,0.2,fixed,1000,5995,863281,626.1875,609.25,16.9375,589.9999999999959,0,0,0
161,iterative,auto,warm,1,0.0,False,0,110,0.5,0.2,fixed,1000,5995,13315,381.015625,358.078125,22.9375,589.9999999999973,0,0,0
161,iterative,auto,warm,1,0.0,True,0,110,0.5,0.2,fixed,1000,5995,6392,219.46875,178.859375,40.609375,589.9999999999986,24807,17709,7098
162,once,auto,cold,1,0.0,False,0,120,0.5,0.2,fixed,1000,7140,1123361,1133.484375,1111.28125,22.203125,698.9999999999977,0,0,0
162,iterative,auto,warm,1,0.0,False,0,120,0.5,0.2,fixed,1000,7140,14569,576.390625,546.140625,30.25,699.0000000000013,0,0,0
162,iterative,auto,warm,1,0.0,True,0,120,0.5,0.2,fixed,1000,7140,8348,321.46875,261.890625,59.578125,699.0000000000067,29987,19753,10234
163,once,auto,cold,1,0.0,False,0,130,0.5,0.2,fixed,1000,8385,1431041,2206.9375,2178.421875,28.515625,842.0000000000008,0,0,0
163,iterative,auto,warm,1,0.0,False,0,130,0.5,0.2,fixed,1000,8385,19355,1479.40625,1425.640625,53.765625,842.0000000000017,0,0,0
163,iterative,auto,warm,1,0.0,True,0,130,0.5,0.2,fixed,1000,8385,9355,964.90625,843.421875,121.484375,841.9999999999995,49490,34254,15236
164,once,auto,cold,1,0.0,False,0,140,0.5,0.2,fixed,1000,9730,1790321,3139.8125,3103.171875,36.640625,940.9999999999952,0,0,0
164,iterative,auto,warm,1,0.0,False,0,140,0.5,0.2,fixed,1000,9730,19649,1657.3125,1588.09375,69.21875,940.9999999999969,0,0,0
164,iterative,auto,warm,1,0.0,True,0,140,0.5,0.2,fixed,1000,9730,11683,938.953125,799.765625,139.1875,940.9999999999942,47596,27418,20178
165,once,auto,cold,1,0.0,False,0,150,0.5,0.2,fixed,1000,11175,2205201,5358.40625,5315.984375,42.421875,1125.000000000007,0,0,0
165,iterative,auto,warm,1,0.0,False,0,150,0.5,0.2,fixed,1000,11175,21983,2732.921875,2637.46875,95.453125,1125.0,0,0,0
165,iterative,auto,warm,1,0.0,True,0,150,0.5,0.2,fixed,1000,11175,11353,1594.5,1385.5,209.0,1125.0000000000016,55241,34042,21199
166,once,auto,cold,1,0.0,False,0,100,0.5,0.2,fixed,1000,4950,646801,408.796875,396.40625,12.390625,500.9999999999881,0,0,0
166,iterative,auto,warm,1,0.0,False,0,100,0.5,0.2,fixed,1000,4950,14101,322.5,305.390625,17.109375,501.00000000000017,0,0,0
166,iterative,auto,warm,1,0.0,True,0,100,0.5,0.2,fixed,1000,4950,6708,228.09375,189.3125,38.78125,500.9999999999956,31113,24363,6750
167,once,auto,cold,1,0.0,False,0,110,0.5,0.2,fixed,1000,5995,863281,782.75,765.75,17.0,614.0000000000066,0,0,0
167,iterative,auto,warm,1,0.0,False,0,110,0.5,0.2,fixed,1000,5995,14101,466.796875,445.125,21.671875,613.9999999999986,0,0,0
167,iterative,auto,warm,1,0.0,True,0,110,0.5,0.2,fixed,1000,5995,6998,305.484375,257.828125,47.65625,614.0000000000006,30547,22531,8016
168,once,auto,cold,1,0.0,False,0,120,0.5,0.2,fixed,1000,7140,1123361,1163.078125,1141.65625,21.421875,703.0000000000058,0,0,0
168,iterative,auto,warm,1,0.0,False,0,120,0.5,0.2,fixed,1000,7140,15335,675.125,641.390625,33.734375,702.9999999999965,0,0,0
168,iterative,auto,warm,1,0.0,True,0,120,0.5,0.2,fixed,1000,7140,8478,386.9375,321.375,65.5625,702.9999999999987,32260,21623,10637
169,once,auto,cold,1,0.0,False,0,130,0.5,0.2,fixed,1000,8385,1431041,1731.3125,1703.0625,28.25,818.0000000000052,0,0,0
169,iterative,auto,warm,1,0.0,False,0,130,0.5,0.2,fixed,1000,8385,17355,1078.25,1028.5625,49.6875,818.0000000000034,0,0,0
169,iterative,auto,warm,1,0.0,True,0,130,0.5,0.2,fixed,1000,8385,9552,642.546875,544.578125,97.96875,817.9999999999991,38958,24549,14409
170,once,auto,cold,1,0.0,False,0,140,0.5,0.2,fixed,1000,9730,1790321,2899.1875,2859.953125,39.234375,948.0000000000003,0,0,0
170,iterative,auto,warm,1,0.0,False,0,140,0.5,0.2,fixed,1000,9730,20101,1868.828125,1795.5625,73.265625,947.9999999999976,0,0,0
170,iterative,auto,warm,1,0.0,True,0,140,0.5,0.2,fixed,1000,9730,9697,1293.25,1087.578125,205.671875,948.0000000000059,46514,29404,17110
171,once,auto,cold,1,0.0,False,0,150,0.5,0.2,fixed,1000,11175,2205201,6698.53125,6638.9375,59.59375,1085.0000000000007,0,0,0
171,iterative,auto,warm,1,0.0,False,0,150,0.5,0.2,fixed,1000,11175,21395,2986.296875,2857.296875,129.0,1085.0,0,0,0
171,iterative,auto,warm,1,0.0,True,0,150,0.5,0.2,fixed,1000,11175,11863,1279.625,1089.21875,190.40625,1084.9999999999975,52024,30238,21786
172,once,auto,cold,1,0.0,False,0,100,0.5,0.2,fixed,1000,4950,646801,108.640625,96.15625,12.484375,540.9141172134207,0,0,0
172,iterative,auto,warm,1,0.0,False,0,100,0.5,0.2,fixed,1000,4950,14988,378.328125,356.59375,21.734375,540.9141172134168,0,0,0
172,iterative,auto,warm,1,0.0,True,0,100,0.5,0.2,fixed,1000,4950,5949,467.9375,295.796875,172.140625,540.9141172134129,137071,131152,5919
173,once,auto,cold,1,0.0,False,0,110,0.5,0.2,fixed,1000,5995,863281,730.296875,712.671875,17.625,638.0000000000001,0,0,0
173,iterative,auto,warm,1,0.0,False,0,110,0.5,0.2,fixed,1000,5995,15101,560.609375,536.25,24.359375,638.0000000000048,0,0,0
173,iterative,auto,warm,1,0.0,True,0,110,0.5,0.2,fixed,1000,5995,7440,421.515625,360.671875,60.84375,637.9999999999999,37028,29295,7733
174,once,auto,cold,1,0.0,False,0,120,0.5,0.2,fixed,1000,7140,1123361,1215.359375,1192.609375,22.75,720.999999999995,0,0,0
174,iterative,auto,warm,1,0.0,False,0,120,0.5,0.2,fixed,1000,7140,15101,597.921875,563.359375,34.5625,720.9999999999968,0,0,0
174,iterative,auto,warm,1,0.0,True,0,120,0.5,0.2,fixed,1000,7140,7413,346.40625,281.96875,64.4375,720.9999999999982,29681,20688,8993
175,once,auto,cold,1,0.0,False,0,130,0.5,0.2,fixed,1000,8385,1431041,2296.921875,2268.5,28.421875,840.9999999999983,0,0,0
175,iterative,auto,warm,1,0.0,False,0,130,0.5,0.2,fixed,1000,8385,19101,1546.46875,1491.125,55.34375,841.0000000000063,0,0,0
175,iterative,auto,warm,1,0.0,True,0,130,0.5,0.2,fixed,1000,8385,9817,985.53125,853.34375,132.1875,841.0000000000017,47214,32284,14930
34,once,auto,cold,1,0.0,False,0,100,0.5,0.2,fixed,1000,4950,646801,559.90625,547.921875,11.984375,527.0000000000077,0,0,0
34,iterative,auto,warm,1,0.0,False,0,100,0.5,0.2,fixed,1000,4950,12295,352.375,331.328125,21.046875,527.0000000000006,0,0,0
34,iterative,auto,warm,1,0.0,True,0,100,0.5,0.2,fixed,1000,4950,6150,302.34375,251.390625,50.953125,527.0000000000025,28620,22339,6281
35,once,auto,cold,1,0.0,False,0,110,0.5,0.2,fixed,1000,5995,863281,1148.640625,1124.609375,24.03125,643.9999999999939,0,0,0
35,iterative,auto,warm,1,0.0,False,0,110,0.5,0.2,fixed,1000,5995,14101,686.28125,653.046875,33.234375,644.000000000001,0,0,0
35,iterative,auto,warm,1,0.0,True,0,110,0.5,0.2,fixed,1000,5995,7174,486.25,411.796875,74.453125,643.9999999999949,30691,23355,7336
36,once,auto,cold,1,0.0,False,0,120,0.5,0.2,fixed,1000,7140,1123361,1936.453125,1906.34375,30.109375,744.000000000001,0,0,0
36,iterative,auto,warm,1,0.0,False,0,120,0.5,0.2,fixed,1000,7140,16101,837.640625,794.25,43.390625,744.0000000000023,0,0,0
36,iterative,auto,warm,1,0.0,True,0,120,0.5,0.2,fixed,1000,7140,8411,439.0,376.515625,62.484375,743.9999999999934,35277,25392,9885
37,once,auto,cold,1,0.0,False,0,130,0.5,0.2,fixed,1000,8385,1431041,780.171875,757.0625,23.109375,864.3628959275995,0,0,0
37,iterative,auto,warm,1,0.0,False,0,130,0.5,0.2,fixed,1000,8385,21751,1441.28125,1373.40625,67.875,864.3628959276027,0,0,0
37,iterative,auto,warm,1,0.0,True,0,130,0.5,0.2,fixed,1000,8385,9431,1015.25,789.421875,225.828125,864.3628959276027,241984,62144,179840
38,once,auto,cold,1,0.0,False,0,140,0.5,0.2,fixed,1000,9730,1790321,3147.703125,3113.5625,34.140625,980.9999999999956,0,0,0
38,iterative,auto,warm,1,0.0,False,0,140,0.5,0.2,fixed,1000,9730,20101,2851.65625,2749.921875,101.734375,981.0000000000003,0,0,0
38,iterative,auto,warm,1,0.0,True,0,140,0.5,0.2,fixed,1000,9730,10780,898.53125,761.0625,137.46875,980.9999999999981,47504,29321,18183
39,once,auto,cold,1,0.0,False,0,150,0.5,0.2,fixed,1000,11175,2205201,5387.15625,5344.125,43.03125,1151.9999999999966,0,0,0
39,iterative,auto,warm,1,0.0,False,0,150,0.5,0.2,fixed,1000,11175,23101,3395.65625,3296.03125,99.625,1151.9999999999984,0,0,0
39,iterative,auto,warm,1,0.0,True,0,150,0.5,0.2,fixed,1000,11175,12222,1938.046875,1715.625,222.421875,1151.9999999999975,58324,36879,21445
40,once,auto,cold,1,0.0,False,0,100,0.5,0.2,fixed,1000,4950,646801,379.765625,366.984375,12.78125,486.9999999999984,0,0,0
40,iterative,auto,warm,1,0.0,False,0,100,0.5,0.2,fixed,1000,4950,11965,221.359375,206.5,14.859375,486.999999999998,0,0,0
40,iterative,auto,warm,1,0.0,True,0,100,0.5,0.2,fixed,1000,4950,6459,121.921875,95.109375,26.8125,486.99999999999886,19860,13642,6218
41,once,auto,cold,1,0.0,False,0,110,0.5,0.2,fixed,1000,5995,863281,688.28125,671.5625,16.71875,563.0000000000034,0,0,0
41,iterative,auto,warm,1,0.0,False,0,110,0.5,0.2,fixed,1000,5995,12529,308.84375,288.203125,20.640625,563.0000000000002,0,0,0
41,iterative,auto,warm,1,0.0,True,0,110,0.5,0.2,fixed,1000,5995,6706,177.109375,135.71875,41.390625,563.0000000000006,25074,16819,8255
42,once,auto,cold,1,0.0,False,0,120,0.5,0.2,fixed,1000,7140,1123361,1183.46875,1161.21875,22.25,680.9999999999992,0,0,0
42,iterative,auto,warm,1,0.0,False,0,120,0.5,0.2,fixed,1000,7140,14569,505.046875,473.28125,31.765625,680.9999999999994,0,0,0
42,iterative,auto,warm,1,0.0,True,0,120,0.5,0.2,fixed,1000,7140,8219,285.84375,227.9375,57.90625,680.9999999999966,30662,18818,11844
43,once,auto,cold,1,0.0,False,0,130,0.5,0.2,fixed,1000,8385,1431041,2227.21875,2200.34375,26.875,827.000000000001,0,0,0
43,iterative,auto,warm,1,0.0,False,0,130,0.5,0.2,fixed,1000,8385,17101,1092.09375,1046.765625,45.328125,826.9999999999973,0,0,0
43,iterative,auto,warm,1,0.0,True,0,130,0.5,0.2,fixed,1000,8385,9634,621.953125,525.390625,96.5625,827.0000000000008,39175,24467,14708
44,once,auto,cold,1,0.0,False,0,140,0.5,0.2,fixed,1000,9730,1790321,2266.984375,2230.84375,36.140625,1028.0000000000134,0,0,0
44,iterative,auto,warm,1,0.0,False,0,140,0.5,0.2,fixed,1000,9730,24101,2912.640625,2831.0625,81.578125,1028.0000000000052,0,0,0
44,iterative,auto,warm,1,0.0,True,0,140,0.5,0.2,fixed,1000,9730,10762,2205.953125,1985.671875,220.28125,1028.0000000000025,69442,51613,17829
45,once,auto,cold,1,0.0,False,0,150,0.5,0.2,fixed,1000,11175,2205201,5414.53125,5369.09375,45.4375,1143.0000000000066,0,0,0
45,iterative,auto,warm,1,0.0,False,0,150,0.5,0.2,fixed,1000,11175,23395,3290.671875,3191.375,99.296875,1143.0000000000034,0,0,0
45,iterative,auto,warm,1,0.0,True,0,150,0.5,0.2,fixed,1000,11175,12395,2057.125,1830.6875,226.4375,1142.9999999999989,58856,37706,21150
46,once,auto,cold,1,0.0,False,0,100,0.5,0.2,fixed,1000,4950,646801,435.21875,422.546875,12.671875,499.00000000000085,0,0,0
46,iterative,auto,warm,1,0.0,False,0,100,0.5,0.2,fixed,1000,4950,13101,281.3125,264.078125,17.234375,499.00000000000085,0,0,0
46,iterative,auto,warm,1,0.0,True,0,100,0.5,0.2,fixed,1000,4950,5907,189.421875,153.234375,36.1875,499.0000000000005,27127,20388,6739
47,once,auto,cold,1,0.0,False,0,110,0.5,0.2,fixed,1000,5995,863281,528.203125,512.140625,16.0625,637.0000000000026,0,0,0
47,iterative,auto,warm,1,0.0,False,0,110,0.5,0.2,fixed,1000,5995,16101,598.640625,574.28125,24.359375,636.9999999999974,0,0,0
47,iterative,auto,warm,1,0.0,True,0,110,0.5,0.2,fixed,1000,5995,7080,472.84375,399.6875,73.15625,636.9999999999992,45594,37235,8359
48,once,auto,cold,1,0.0,False,0,120,0.5,0.2,fixed,1000,7140,1123361,1209.5,1188.53125,20.96875,723.0000000000001,0,0,0
48,iterative,auto,warm,1,0.0,False,0,120,0.5,0.2,fixed,1000,7140,15335,633.375,601.0,32.375,723.0000000000032,0,0,0
48,iterative,auto,warm,1,0.0,True,0,120,0.5,0.2,fixed,1000,7140,7669,341.578125,277.6875,63.890625,722.9999999999994,29189,19666,9523
49,once,auto,cold,1,0.0,False,0,130,0.5,0.2,fixed,1000,8385,1431041,2045.609375,2016.84375,28.765625,848.9999999999983,0,0,0
49,iterative,auto,warm,1,0.0,False,0,130,0.5,0.2,fixed,1000,8385,17101,963.28125,915.5625,47.71875,848.9999999999966,0,0,0
49,iterative,auto,warm,1,0.0,True,0,130,0.5,0.2,fixed,1000,8385,9446,504.234375,414.515625,89.71875,849.0000000000013,35588,21655,13933
50,once,auto,cold,1,0.0,False,0,140,0.5,0.2,fixed,1000,9730,1790321,3275.015625,3238.046875,36.96875,911.0000000000177,0,0,0
50,iterative,auto,warm,1,0.0,False,0,140,0.5,0.2,fixed,1000,9730,18375,1292.875,1227.9375,64.9375,910.9999999999968,0,0,0
50,iterative,auto,warm,1,0.0,True,0,140,0.5,0.2,fixed,1000,9730,10306,654.984375,527.875,127.109375,911.0,44181,24617,19564
51,once,auto,cold,1,0.0,False,0,150,0.5,0.2,fixed,1000,11175,2205201,5495.484375,5450.8125,44.671875,1141.9999999999984,0,0,0
51,iterative,auto,warm,1,0.0,False,0,150,0.5,0.2,fixed,1000,11175,22689,3142.359375,3043.75,98.609375,1141.9999999999945,0,0,0
51,iterative,auto,warm,1,0.0,True,0,150,0.5,0.2,fixed,1000,11175,11314,1971.203125,1757.84375,213.359375,1142.0,58788,37787,21001
52,once,auto,cold,1,0.0,False,0,100,0.5,0.2,fixed,1000,4950,646801,362.65625,350.0,12.65625,494.99999999999983,0,0,0
52,iterative,auto,warm,1,0.0,False,0,100,0.5,0.2,fixed,1000,4950,11489,208.796875,194.078125,14.71875,494.9999999999977,0,0,0
52,iterative,auto,warm,1,0.0,True,0,100,0.5,0.2,fixed,1000,4950,6520,132.09375,104.3125,27.78125,495.00000000000085,22027,15581,6446
53,once,auto,cold,1,0.0,False,0,110,0.5,0.2,fixed,1000,5995,863281,644.609375,628.609375,16.0,581.9999999999992,0,0,0
53,iterative,auto,warm,1,0.0,False,0,110,0.5,0.2,fixed,1000,5995,13315,351.015625,329.25,21.765625,581.9999999999957,0,0,0
53,iterative,auto,warm,1,0.0,True,0,110,0.5,0.2,fixed,1000,5995,6559,192.21875,153.671875,38.546875,581.9999999999984,24944,16756,8188
54,once,auto,cold,1,0.0,False,0,120,0.5,0.2,fixed,1000,7140,1123361,1006.359375,985.015625,21.34375,727.9999999999985,0,0,0
54,iterative,auto,warm,1,0.0,False,0,120,0.5,0.2,fixed,1000,7140,15101,643.421875,612.8125,30.609375,728.0000000000043,0,0,0
54,iterative,auto,warm,1,0.0,True,0,120,0.5,0.2,fixed,1000,7140,8157,384.8125,321.078125,63.734375,727.9999999999987,31892,21638,10254
55,once,auto,cold,1,0.0,False,0,130,0.5,0.2,fixed,1000,8385,1431041,1863.46875,1834.78125,28.6875,815.0000000000088,0,0,0
55,iterative,auto,warm,1,0.0,False,0,130,0.5,0.2,fixed,1000,8385,17861,1043.3125,995.453125,47.859375,815.0000000000017,0,0,0
55,iterative,auto,warm,1,0.0,True,0,130,0.5,0.2,fixed,1000,8385,9455,543.8125,453.015625,90.796875,814.999999999999,37895,23646,14249
56,once,auto,cold,1,0.0,False,0,140,0.5,0.2,fixed,1000,9730,1790321,3430.125,3395.875,34.25,992.9999999999644,0,0,0
56,iterative,auto,warm,1,0.0,False,0,140,0.5,0.2,fixed,1000,9730,22057,2366.625,2294.25,72.375,992.9999999999968,0,0,0
56,iterative,auto,warm,1,0.0,True,0,140,0.5,0.2,fixed,1000,9730,11142,1499.890625,1338.921875,160.96875,992.9999999999969,52818,35959,16859
57,once,auto,cold,1,0.0,False,0,150,0.5,0.2,fixed,1000,11175,2205201,5252.90625,5208.703125,44.203125,1136.9999999999957,0,0,0
57,iterative,auto,warm,1,0.0,False,0,150,0.5,0.2,fixed,1000,11175,24101,3667.5,3567.09375,100.40625,1136.999999999995,0,0,0
57,iterative,auto,warm,1,0.0,True,0,150,0.5,0.2,fixed,1000,11175,11704,2129.296875,1906.96875,222.328125,1136.999999999997,61888,39691,22197
58,once,auto,cold,1,0.0,False,0,100,0.5,0.2,fixed,1000,4950,646801,374.59375,361.921875,12.671875,506.9999999999887,0,0,0
58,iterative,auto,warm,1,0.0,False,0,100,0.5,0.2,fixed,1000,4950,11101,189.265625,175.296875,13.96875,507.00000000000193,0,0,0
58,iterative,auto,warm,1,0.0,True,0,100,0.5,0.2,fixed,1000,4950,5498,124.359375,98.4375,25.921875,507.0000000000013,19717,14603,5114
59,once,auto,cold,1,0.0,False,0,110,0.5,0.2,fixed,1000,5995,863281,616.1875,599.3125,16.875,593.0000000000016,0,0,0
59,iterative,auto,warm,1,0.0,False,0,110,0.5,0.2,fixed,1000,5995,14101,449.21875,426.75,22.46875,592.9999999999987,0,0,0
59,iterative,auto,warm,1,0.0,True,0,110,0.5,0.2,fixed,1000,5995,6915,272.5,227.234375,45.265625,593.0000000000024,29064,20614,8450
60,once,auto,cold,1,0.0,False,0,120,0.5,0.2,fixed,1000,7140,1123361,1174.5,1153.234375,21.265625,706.0000000000024,0,0,0
60,iterative,auto,warm,1,0.0,False,0,120,0.5,0.2,fixed,1000,7140,15565,643.125,609.625,33.5,705.9999999999992,0,0,0
60,iterative,auto,warm,1,0.0,True,0,120,0.5,0.2,fixed,1000,7140,8404,338.046875,276.671875,61.375,705.9999999999992,29833,19697,10136
61,once,auto,cold,1,0.0,False,0,130,0.5,0.2,fixed,1000,8385,1431041,1818.515625,1789.90625,28.609375,856.9999999999934,0,0,0
61,iterative,auto,warm,1,0.0,False,0,130,0.5,0.2,fixed,1000,8385,18101,1255.28125,1206.1875,49.09375,857.0000000000026,0,0,0
61,iterative,auto,warm,1,0.0,True,0,130,0.5,0.2,fixed,1000,8385,9721,746.53125,644.34375,102.1875,857.0000000000052,41023,27380,13643
62,once,auto,cold,1,0.0,False,0,140,0.5,0.2,fixed,1000,9730,1790321,3522.53125,3487.890625,34.640625,990.9999999999983,0,0,0
62,iterative,auto,warm,1,0.0,False,0,140,0.5,0.2,fixed,1000,9730,20375,1975.34375,1905.5625,69.78125,991.0000000000052,0,0,0
62,iterative,auto,warm,1,0.0,True,0,140,0.5,0.2,fixed,1000,9730,10929,1160.984375,1019.0625,141.921875,990.9999999999992,48823,31172,17651
63,once,auto,cold,1,0.0,False,0,150,0.5,0.2,fixed,1000,11175,2205201,5584.015625,5549.578125,34.4375,1114.000000000005,0,0,0
63,iterative,auto,warm,1,0.0,False,0,150,0.5,0.2,fixed,1000,11175,23395,2993.34375,2894.015625,99.328125,1114.0000000000068,0,0,0
63,iterative,auto,warm,1,0.0,True,0,150,0.5,0.2,fixed,1000,11175,12225,1811.984375,1617.609375,194.375,1114.0,63317,38876,24441
64,once,auto,cold,1,0.0,False,0,100,0.5,0.2,fixed,1000,4950,646801,351.265625,341.59375,9.671875,507.00000000000273,0,0,0
64,iterative,auto,warm,1,0.0,False,0,100,0.5,0.2,fixed,1000,4950,12489,249.09375,232.671875,16.421875,506.9999999999954,0,0,0
64,iterative,auto,warm,1,0.0,True,0,100,0.5,0.2,fixed,1000,4950,5641,136.109375,111.203125,24.90625,507.0000000000017,24563,19460,5103
65,once,auto,cold,1,0.0,False,0,110,0.5,0.2,fixed,1000,5995,863281,649.8125,636.875,12.9375,615.9999999999867,0,0,0
65,iterative,auto,warm,1,0.0,False,0,110,0.5,0.2,fixed,1000,5995,13101,340.875,320.625,20.25,615.9999999999983,0,0,0
65,iterative,auto,warm,1,0.0,True,0,110,0.5,0.2,fixed,1000,5995,7374,156.984375,126.0,30.984375,616.000000000004,23429,15727,7702
66,once,auto,cold,1,0.0,False,0,120,0.5,0.2,fixed,1000,7140,1123361,1067.96875,1051.453125,16.515625,730.9999999999983,0,0,0
66,iterative,auto,warm,1,0.0,False,0,120,0.5,0.2,fixed,1000,7140,19101,1163.5,1124.90625,38.59375,731.0000000000013,0,0,0
66,iterative,auto,warm,1,0.0,True,0,120,0.5,0.2,fixed,1000,7140,8434,844.515625,730.171875,114.34375,731.0000000000003,56297,44135,12162
67,once,auto,cold,1,0.0,False,0,130,0.5,0.2,fixed,1000,8385,1431041,2228.90625,2201.515625,27.390625,852.9999999999991,0,0,0
67,iterative,auto,warm,1,0.0,False,0,130,0.5,0.2,fixed,1000,8385,18101,1281.265625,1232.21875,49.046875,853.0000000000052,0,0,0
67,iterative,auto,warm,1,0.0,True,0,130,0.5,0.2,fixed,1000,8385,9832,808.71875,706.125,102.59375,853.0,41093,27269,13824
68,once,auto,cold,1,0.0,False,0,140,0.5,0.2,fixed,1000,9730,1790321,3243.984375,3210.234375,33.75,964.0000000000057,0,0,0
68,iterative,auto,warm,1,0.0,False,0,140,0.5,0.2,fixed,1000,9730,19923,1662.765625,1595.0,67.765625,963.9999999999964,0,0,0
68,iterative,auto,warm,1,0.0,True,0,140,0.5,0.2,fixed,1000,9730,9805,937.4375,803.171875,134.265625,963.9999999999952,44870,28296,16574
69,once,auto,cold,1,0.0,False,0,150,0.5,0.2,fixed,1000,11175,2205201,3940.375,3897.4375,42.9375,1155.9999999999934,0,0,0
69,iterative,auto,warm,1,0.0,False,0,150,0.5,0.2,fixed,1000,11175,25101,4286.171875,4175.25,110.921875,1156.0000000000016,0,0,0
69,iterative,auto,warm,1,0.0,True,0,150,0.5,0.2,fixed,1000,11175,12707,3212.890625,2932.53125,280.359375,1155.9999999999984,69775,48394,21381
70,once,auto,cold,1,0.0,False,0,100,0.5,0.2,fixed,1000,4950,646801,379.90625,367.890625,12.015625,505.0000000000026,0,0,0
70,iterative,auto,warm,1,0.0,False,0,100,0.5,0.2,fixed,1000,4950,11481,214.890625,200.359375,14.53125,504.99999999999915,0,0,0
70,iterative,auto,warm,1,0.0,True,0,100,0.5,0.2,fixed,1000,4950,6475,135.625,108.046875,27.578125,504.999999999996,21725,15626,6099
71,once,auto,cold,1,0.0,False,0,110,0.5,0.2,fixed,1000,5995,863281,778.125,762.234375,15.890625,621.0000000000008,0,0,0
71,iterative,auto,warm,1,0.0,False,0,110,0.5,0.2,fixed,1000,5995,15101,530.984375,507.71875,23.265625,620.9999999999987,0,0,0
71,iterative,auto,warm,1,0.0,True,0,110,0.5,0.2,fixed,1000,5995,6750,352.21875,298.0,54.21875,621.000000000003,32519,25351,7168
72,once,auto,cold,1,0.0,False,0,120,0.5,0.2,fixed,1000,7140,1123361,1116.046875,1094.546875,21.5,719.0000000000058,0,0,0
72,iterative,auto,warm,1,0.0,False,0,120,0.5,0.2,fixed,1000,7140,15793,661.859375,621.40625,40.453125,718.9999999999957,0,0,0
72,iterative,auto,warm,1,0.0,True,0,120,0.5,0.2,fixed,1000,7140,8338,343.796875,276.078125,67.71875,718.9999999999976,29213,18763,10450
73,once,auto,cold,1,0.0,False,0,130,0.5,0.2,fixed,1000,8385,1431041,2316.1875,2285.109375,31.078125,842.0000000000138,0,0,0
73,iterative,auto,warm,1,0.0,False,0,130,0.5,0.2,fixed,1000,8385,18355,1269.171875,1219.0625,50.109375,842.0000000000008,0,0,0
73,iterative,auto,warm,1,0.0,True,0,130,0.5,0.2,fixed,1000,8385,9544,797.046875,688.765625,108.28125,841.9999999999948,42675,28303,14372
74,once,auto,cold,1,0.0,False,0,140,0.5,0.2,fixed,1000,9730,1790321,3353.375,3319.65625,33.71875,928.0000000000064,0,0,0
74,iterative,auto,warm,1,0.0,False,0,140,0.5,0.2,fixed,1000,9730,19375,1583.75,1518.03125,65.71875,927.9999999999964,0,0,0
74,iterative,auto,warm,1,0.0,True,0,140,0.5,0.2,fixed,1000,9730,10564,782.75,654.171875,128.578125,927.9999999999976,43653,25537,18116
75,once,auto,cold,1,0.0,False,0,150,0.5,0.2,fixed,1000,11175,2205201,5079.671875,5036.453125,43.21875,1049.0000000000048,0,0,0
75,iterative,auto,warm,1,0.0,False,0,150,0.5,0.2,fixed,1000,11175,21395,2355.6875,2262.359375,93.328125,1048.999999999993,0,0,0
75,iterative,auto,warm,1,0.0,True,0,150,0.5,0.2,fixed,1000,11175,11775,1116.953125,940.25,176.703125,1048.999999999998,54250,29326,24924
76,once,auto,cold,1,0.0,False,0,100,0.5,0.2,fixed,1000,4950,646801,392.203125,380.515625,11.6875,465.9999999999967,0,0,0
76,iterative,auto,warm,1,0.0,False,0,100,0.5,0.2,fixed,1000,4950,10101,126.453125,114.015625,12.4375,465.9999999999994,0,0,0
76,iterative,auto,warm,1,0.0,True,0,100,0.5,0.2,fixed,1000,4950,5237,73.1875,52.1875,21.0,466.0000000000003,17624,11864,5760
77,once,auto,cold,1,0.0,False,0,110,0.5,0.2,fixed,1000,5995,863281,621.34375,605.3125,16.03125,619.0000000000052,0,0,0
77,iterative,auto,warm,1,0.0,False,0,110,0.5,0.2,fixed,1000,5995,13837,410.140625,388.171875,21.96875,618.9999999999994,0,0,0
77,iterative,auto,warm,1,0.0,True,0,110,0.5,0.2,fixed,1000,5995,7464,225.609375,185.640625,39.96875,618.9999999999957,25412,17637,7775
78,once,auto,cold,1,0.0,False,0,120,0.5,0.2,fixed,1000,7140,1123361,1092.9375,1071.890625,21.046875,736.9999999999957,0,0,0
78,iterative,auto,warm,1,0.0,False,0,120,0.5,0.2,fixed,1000,7140,15803,678.140625,646.6875,31.453125,737.0000000000023,0,0,0
78,iterative,auto,warm,1,0.0,True,0,120,0.5,0.2,fixed,1000,7140,7967,393.0,331.484375,61.515625,737.0000000000024,31418,21594,9824
79,once,auto,cold,1,0.0,False,0,130,0.5,0.2,fixed,1000,8385,1431041,1928.328125,1901.25,27.078125,834.0000000000107,0,0,0
79,iterative,auto,warm,1,0.0,False,0,130,0.5,0.2,fixed,1000,8385,16101,815.8125,773.703125,42.109375,833.9999999999974,0,0,0
79,iterative,auto,warm,1,0.0,True,0,130,0.5,0.2,fixed,1000,8385,8539,396.765625,317.546875,79.21875,833.9999999999983,32287,19816,12471
80,once,auto,cold,1,0.0,False,0,140,0.5,0.2,fixed,1000,9730,1790321,2370.953125,2337.046875,33.90625,1019.0000000000006,0,0,0
80,iterative,auto,warm,1,0.0,False,0,140,0.5,0.2,fixed,1000,9730,22101,2545.578125,2474.421875,71.15625,1019.0000000000023,0,0,0
80,iterative,auto,warm,1,0.0,True,0,140,0.5,0.2,fixed,1000,9730,11283,1869.5625,1686.1875,183.375,1018.9999999999974,60852,43818,17034
81,once,auto,cold,1,0.0,False,0,150,0.5,0.2,fixed,1000,11175,2205201,5280.21875,5238.453125,41.765625,1125.9999999999886,0,0,0
81,iterative,auto,warm,1,0.0,False,0,150,0.5,0.2,fixed,1000,11175,22101,2908.09375,2817.890625,90.203125,1126.000000000007,0,0,0
81,iterative,auto,warm,1,0.0,True,0,150,0.5,0.2,fixed,1000,11175,12164,1632.265625,1438.59375,193.671875,1126.0000000000048,54620,32937,21683
82,once,auto,cold,1,0.0,False,0,100,0.5,0.2,fixed,1000,4950,646801,430.453125,418.9375,11.515625,480.9999999999956,0,0,0
82,iterative,auto,warm,1,0.0,False,0,100,0.5,0.2,fixed,1000,4950,11677,165.640625,149.515625,16.125,480.9999999999984,0,0,0
82,iterative,auto,warm,1,0.0,True,0,100,0.5,0.2,fixed,1000,4950,5297,85.828125,64.28125,21.546875,481.0000000000032,16894,11804,5090
83,once,auto,cold,1,0.0,False,0,110,0.5,0.2,fixed,1000,5995,863281,292.875,276.84375,16.03125,589.2976324689982,0,0,0
83,iterative,auto,warm,1,0.0,False,0,110,0.5,0.2,fixed,1000,5995,15333,487.0,462.703125,24.296875,589.2976324689994,0,0,0
83,iterative,auto,warm,1,0.0,True,0,110,0.5,0.2,fixed,1000,5995,7034,364.65625,298.0,66.65625,589.2976324689963,45798,37067,8731
84,once,auto,cold,1,0.0,False,0,120,0.5,0.2,fixed,1000,7140,1123361,1090.84375,1070.28125,20.5625,717.9999999999893,0,0,0
84,iterative,auto,warm,1,0.0,False,0,120,0.5,0.2,fixed,1000,7140,15101,665.984375,635.484375,30.5,717.9999999999985,0,0,0
84,iterative,auto,warm,1,0.0,True,0,120,0.5,0.2,fixed,1000,7140,8503,387.484375,324.96875,62.515625,718.0000000000031,31836,21598,10238
85,once,auto,cold,1,0.0,False,0,130,0.5,0.2,fixed,1000,8385,1431041,2029.1875,2002.703125,26.484375,852.999999999999,0,0,0
85,iterative,auto,warm,1,0.0,False,0,130,0.5,0.2,fixed,1000,8385,20101,1656.875,1605.3125,51.5625,852.9999999999932,0,0,0
85,iterative,auto,warm,1,0.0,True,0,130,0.5,0.2,fixed,1000,8385,9286,1093.140625,967.453125,125.6875,853.0000000000023,52106,37069,15037
86,once,auto,cold,1,0.0,False,0,140,0.5,0.2,fixed,1000,9730,1790321,3528.578125,3494.484375,34.09375,980.0000000000188,0,0,0
86,iterative,auto,warm,1,0.0,False,0,140,0.5,0.2,fixed,1000,9730,20101,2010.46875,1945.109375,65.359375,980.0000000000032,0,0,0
86,iterative,auto,warm,1,0.0,True,0,140,0.5,0.2,fixed,1000,9730,10939,1213.25,1065.21875,148.03125,980.0000000000034,48349,31162,17187
87,once,auto,cold,1,0.0,False,0,150,0.5,0.2,fixed,1000,11175,2205201,4459.8125,4417.625,42.1875,1110.0000000000057,0,0,0
87,iterative,auto,warm,1,0.0,False,0,150,0.5,0.2,fixed,1000,11175,21689,2376.53125,2285.140625,91.390625,1110.0000000000032,0,0,0
87,iterative,auto,warm,1,0.0,True,0,150,0.5,0.2,fixed,1000,11175,10907,1287.03125,1099.8125,187.21875,1110.0000000000043,52609,32194,20415
88,once,auto,cold,1,0.0,False,0,100,0.5,0.2,fixed,1000,4950,646801,109.875,97.921875,11.953125,514.6163215590743,0,0,0
88,iterative,auto,warm,1,0.0,False,0,100,0.5,0.2,fixed,1000,4950,15313,350.53125,331.03125,19.5,514.6163215590744,0,0,0
88,iterative,auto,warm,1,0.0,True,0,100,0.5,0.2,fixed,1000,4950,5950,407.0625,266.265625,140.796875,514.6163215590755,128067,122151,5916
89,once,auto,cold,1,0.0,False,0,110,0.5,0.2,fixed,1000,5995,863281,706.125,689.9375,16.1875,555.999999999993,0,0,0
89,iterative,auto,warm,1,0.0,False,0,110,0.5,0.2,fixed,1000,5995,12101,217.484375,197.828125,19.65625,556.0000000000036,0,0,0
89,iterative,auto,warm,1,0.0,True,0,110,0.5,0.2,fixed,1000,5995,7116,131.171875,96.453125,34.71875,556.0,22420,13985,8435
90,once,auto,cold,1,0.0,False,0,120,0.5,0.2,fixed,1000,7140,1123361,1294.265625,1273.65625,20.609375,726.0000000000039,0,0,0
90,iterative,auto,warm,1,0.0,False,0,120,0.5,0.2,fixed,1000,7140,16569,802.734375,768.75,33.984375,726.0000000000013,0,0,0
90,iterative,auto,warm,1,0.0,True,0,120,0.5,0.2,fixed,1000,7140,8626,498.28125,428.703125,69.578125,726.0,35918,25475,10443
91,once,auto,cold,1,0.0,False,0,130,0.5,0.2,fixed,1000,8385,1431041,2146.203125,2119.75,26.453125,864.9999999999924,0,0,0
91,iterative,auto,warm,1,0.0,False,0,130,0.5,0.2,fixed,1000,8385,19101,1462.46875,1413.796875,48.671875,864.9999999999969,0,0,0
91,iterative,auto,warm,1,0.0,True,0,130,0.5,0.2,fixed,1000,8385,9850,930.53125,818.34375,112.1875,865.0000000000027,46867,32251,14616
92,once,auto,cold,1,0.0,False,0,140,0.5,0.2,fixed,1000,9730,1790321,3445.875,3412.4375,33.4375,1010.999999999996,0,0,0
92,iterative,auto,warm,1,0.0,False,0,140,0.5,0.2,fixed,1000,9730,20375,1933.40625,1863.734375,69.671875,1010.9999999999964,0,0,0
92,iterative,auto,warm,1,0.0,True,0,140,0.5,0.2,fixed,1000,9730,9917,1149.34375,1006.390625,142.953125,1011.0000000000008,47189,31184,16005
93,once,auto,cold,1,0.0,False,0,150,0.5,0.2,fixed,1000,11175,2205201,5198.5625,5156.015625,42.546875,1143.0000000000173,0,0,0
93,iterative,auto,warm,1,0.0,False,0,150,0.5,0.2,fixed,1000,11175,24689,3665.53125,3566.28125,99.25,1143.0000000000011,0,0,0
93,iterative,auto,warm,1,0.0,True,0,150,0.5,0.2,fixed,1000,11175,12553,2376.71875,2149.640625,227.078125,1142.9999999999934,62224,40548,21676
94,once,auto,cold,1,0.0,False,0,100,0.5,0.2,fixed,1000,4950,646801,362.4375,350.78125,11.65625,516.9999999999446,0,0,0
94,iterative,auto,warm,1,0.0,False,0,100,0.5,0.2,fixed,1000,4950,11101,198.6875,185.328125,13.359375,517.0000000000039,0,0,0
94,iterative,auto,warm,1,0.0,True,0,100,0.5,0.2,fixed,1000,4950,6452,134.953125,107.5625,27.390625,516.9999999999987,21764,15617,6147
95,once,auto,cold,1,0.0,False,0,110,0.5,0.2,fixed,1000,5995,863281,652.65625,636.609375,16.046875,612.999999999992,0,0,0
95,iterative,auto,warm,1,0.0,False,0,110,0.5,0.2,fixed,1000,5995,13315,360.3125,338.265625,22.046875,613.0000000000017,0,0,0
95,iterative,auto,warm,1,0.0,True,0,110,0.5,0.2,fixed,1000,5995,6758,211.75,171.234375,40.515625,613.0000000000006,25563,17771,7792
96,once,auto,cold,1,0.0,False,0,120,0.5,0.2,fixed,1000,7140,1123361,1224.40625,1203.453125,20.953125,715.0000000000008,0,0,0
96,iterative,auto,warm,1,0.0,False,0,120,0.5,0.2,fixed,1000,7140,15101,595.265625,565.078125,30.1875,715.000000000001,0,0,0
96,iterative,auto,warm,1,0.0,True,0,120,0.5,0.2,fixed,1000,7140,7829,302.109375,244.78125,57.328125,714.9999999999997,28561,18740,9821
97,once,auto,cold,1,0.0,False,0,130,0.5,0.2,fixed,1000,8385,1431041,2217.0625,2190.21875,26.84375,838.0000000000058,0,0,0
97,iterative,auto,warm,1,0.0,False,0,130,0.5,0.2,fixed,1000,8385,17101,1009.703125,964.3125,45.390625,837.9999999999983,0,0,0
97,iterative,auto,warm,1,0.0,True,0,130,0.5,0.2,fixed,1000,8385,8997,517.53125,430.21875,87.3125,838.0000000000036,35861,21612,14249
98,once,auto,cold,1,0.0,False,0,140,0.5,0.2,fixed,1000,9730,1790321,3259.0625,3224.625,34.4375,985.0000000000019,0,0,0
98,iterative,auto,warm,1,0.0,False,0,140,0.5,0.2,fixed,1000,9730,19649,1484.46875,1418.09375,66.375,985.000000000004,0,0,0
98,iterative,auto,warm,1,0.0,True,0,140,0.5,0.2,fixed,1000,9730,10633,796.234375,672.125,124.109375,984.9999999999997,42783,25468,17315
99,once,auto,cold,1,0.0,False,0,150,0.5,0.2,fixed,1000,11175,2205201,5211.46875,5168.765625,42.703125,1138.9999999999925,0,0,0
99,iterative,auto,warm,1,0.0,False,0,150,0.5,0.2,fixed,1000,11175,23101,3258.578125,3165.09375,93.484375,1138.9999999999973,0,0,0
99,iterative,auto,warm,1,0.0,True,0,150,0.5,0.2,fixed,1000,11175,12273,1945.890625,1739.5,206.390625,1139.0000000000043,58115,36828,21287
