solve_id,solve_type,method,warm_start,n,p,q,cut_type,cut_value,max_variables,max_constraints,total_cpu_time,gurobi_cpu_time,non_gurobi_cpu_time,objective_value
0,once,dual,cold,20,0.5,0.1,fixed,10,190,4561,0.4018150069999997,0.19424502200000004,0.20756998499999968,13.833333333333345
0,iterative,dual,warm,20,0.5,0.1,fixed,10,190,756,6.679237857,1.7965136760000036,4.882724180999997,13.833333333333334
0,iterative,dual,cold,20,0.5,0.1,fixed,10,190,591,3.7249132199999995,0.1590966300000023,3.565816589999997,13.833333333333327
0,once,auto,cold,20,0.5,0.1,fixed,10,190,4561,0.3921302630000003,0.1913773120000002,0.20075295100000012,13.833333333333345
0,iterative,auto,warm,20,0.5,0.1,fixed,10,190,754,6.7529004829999995,1.906210107000005,4.846690375999994,13.833333333333329
0,iterative,auto,cold,20,0.5,0.1,fixed,10,190,635,4.143384795999999,0.18982618799999784,3.9535586080000016,13.833333333333332
1,once,dual,cold,20,0.5,0.1,fixed,30,190,4561,0.23237185400000016,0.035752370000000866,0.1966194839999993,7.0
1,iterative,dual,warm,20,0.5,0.1,fixed,30,190,371,0.8648268839999993,0.05780187399999548,0.8070250100000038,7.0
1,iterative,dual,cold,20,0.5,0.1,fixed,30,190,371,0.7927177279999995,0.02497647599999908,0.7677412520000004,7.0
1,once,auto,cold,20,0.5,0.1,fixed,30,190,4561,0.23548411900000232,0.03562121499999904,0.19986290400000328,7.0
1,iterative,auto,warm,20,0.5,0.1,fixed,30,190,401,0.904418322999998,0.06361708600000071,0.8408012369999973,7.0
1,iterative,auto,cold,20,0.5,0.1,fixed,30,190,311,0.642089458000001,0.016537319999997635,0.6255521380000033,7.0
2,once,dual,cold,20,0.5,0.1,fixed,100,190,4561,0.2566213200000007,0.059577973999999756,0.19704334600000095,9.0
2,iterative,dual,warm,20,0.5,0.1,fixed,100,190,501,0.43832054799999653,0.031881455000000614,0.4064390929999959,9.0
2,iterative,dual,cold,20,0.5,0.1,fixed,100,190,501,0.42476282400000187,0.024218159000000128,0.40054466500000174,9.0
2,once,auto,cold,20,0.5,0.1,fixed,100,190,4561,0.2582034709999981,0.05938776800000056,0.1988157029999975,9.0
2,iterative,auto,warm,20,0.5,0.1,fixed,100,190,601,0.5182094960000008,0.04127688100000171,0.47693261499999906,9.0
2,iterative,auto,cold,20,0.5,0.1,fixed,100,190,1001,0.8093408139999987,0.034676700999998644,0.774664113,9.0
3,once,dual,cold,20,0.5,0.1,fixed,300,190,4561,0.2502029770000007,0.05378739300000035,0.19641558400000036,9.0
3,iterative,dual,warm,20,0.5,0.1,fixed,300,190,735,0.3551371959999976,0.02662364399999717,0.32851355200000043,9.0
3,iterative,dual,cold,20,0.5,0.1,fixed,300,190,701,0.2737809879999986,0.013914972999998554,0.25986601500000006,9.0
3,once,auto,cold,20,0.5,0.1,fixed,300,190,4561,0.25083282199999957,0.053782595000001265,0.1970502269999983,9.0
3,iterative,auto,warm,20,0.5,0.1,fixed,300,190,906,0.36910130300000077,0.034025721000006115,0.33507558199999465,9.0
3,iterative,auto,cold,20,0.5,0.1,fixed,300,190,701,0.27272436399999833,0.01166607599999736,0.26105828800000097,9.0
4,once,dual,cold,20,0.5,0.1,fixed,1000,190,4561,0.41619383900000173,0.21915558100000254,0.1970382579999992,16.842105263157887
4,iterative,dual,warm,20,0.5,0.1,fixed,1000,190,2223,1.640515231000002,0.9595554770000163,0.6809597539999857,16.8421052631579
4,iterative,dual,cold,20,0.5,0.1,fixed,1000,190,1969,0.533720658,0.105058537000005,0.428662120999995,16.8421052631579
4,once,auto,cold,20,0.5,0.1,fixed,1000,190,4561,0.4510036349999993,0.21947687299999785,0.23152676200000144,16.842105263157887
4,iterative,auto,warm,20,0.5,0.1,fixed,1000,190,1213,0.9687588869999999,0.41540864999999627,0.5533502370000036,16.842105263157883
4,iterative,auto,cold,20,0.5,0.1,fixed,1000,190,1476,0.5462808039999985,0.11857455299999486,0.4277062510000036,16.842105263157897
5,once,dual,cold,20,0.5,0.2,fixed,10,190,4561,0.39227181799999755,0.19748657499999922,0.19478524299999833,24.375
5,iterative,dual,warm,20,0.5,0.2,fixed,10,190,686,5.810326953000001,1.5350610959999997,4.275265857000001,24.374999999999993
5,iterative,dual,cold,20,0.5,0.2,fixed,10,190,527,3.290007183,0.13368856600001067,3.1563186169999895,24.374999999999993
5,once,auto,cold,20,0.5,0.2,fixed,10,190,4561,0.41084311299999854,0.197939937000001,0.21290317599999753,24.375
5,iterative,auto,warm,20,0.5,0.2,fixed,10,190,682,5.749356437000003,1.5192856090000078,4.230070827999995,24.375
5,iterative,auto,cold,20,0.5,0.2,fixed,10,190,528,3.2954376459999963,0.13898169400004434,3.156455951999952,24.375
6,once,dual,cold,20,0.5,0.2,fixed,30,190,4561,0.3063735950000037,0.05281815699999726,0.25355543800000646,10.0
6,iterative,dual,warm,20,0.5,0.2,fixed,30,190,371,0.8269959149999977,0.05715635399999286,0.7698395610000048,10.0
6,iterative,dual,cold,20,0.5,0.2,fixed,30,190,401,0.8775036910000011,0.038955220999987716,0.8385484700000134,10.0
6,once,auto,cold,20,0.5,0.2,fixed,30,190,4561,0.26223695400000224,0.05297661600000225,0.209260338,10.0
6,iterative,auto,warm,20,0.5,0.2,fixed,30,190,401,0.9285841129999994,0.08452657800002328,0.8440575349999762,10.0
6,iterative,auto,cold,20,0.5,0.2,fixed,30,190,431,0.9493961089999985,0.03993262199999492,0.9094634870000036,10.0
7,once,dual,cold,20,0.5,0.2,fixed,100,190,4561,0.34285962499999556,0.14345344699999885,0.19940617799999671,17.99999999999998
7,iterative,dual,warm,20,0.5,0.2,fixed,100,190,801,0.7495871599999973,0.13412657099999592,0.6154605890000013,18.0
7,iterative,dual,cold,20,0.5,0.2,fixed,100,190,701,0.609993308,0.06648227399998774,0.5435110340000122,18.0
7,once,auto,cold,20,0.5,0.2,fixed,100,190,4561,0.34314004299999823,0.14257167299999907,0.20056836999999916,17.99999999999998
7,iterative,auto,warm,20,0.5,0.2,fixed,100,190,901,0.8617826580000028,0.18136056799999523,0.6804220900000075,18.0
7,iterative,auto,cold,20,0.5,0.2,fixed,100,190,501,0.4907908219999939,0.05425096700001575,0.43653985499997816,18.0
8,once,dual,cold,20,0.5,0.2,fixed,300,190,4561,0.3909999859999971,0.1943668669999994,0.1966331189999977,14.64000000000002
8,iterative,dual,warm,20,0.5,0.2,fixed,300,190,1149,1.103605477000002,0.4803342869999909,0.6232711900000112,14.64000000000001
8,iterative,dual,cold,20,0.5,0.2,fixed,300,190,1264,0.6612950199999972,0.09255575299999919,0.568739266999998,14.640000000000006
8,once,auto,cold,20,0.5,0.2,fixed,300,190,4561,0.3953206300000005,0.19386925300000257,0.20145137699999793,14.64000000000002
8,iterative,auto,warm,20,0.5,0.2,fixed,300,190,1181,1.2255476019999918,0.5407912860000152,0.6847563159999766,14.639999999999997
8,iterative,auto,cold,20,0.5,0.2,fixed,300,190,1455,0.6596077930000064,0.10400583300000221,0.5556019600000042,14.640000000000004
9,once,dual,cold,20,0.5,0.2,fixed,1000,190,4561,0.3912940149999997,0.19419719100000066,0.19709682399999906,19.300000000000004
9,iterative,dual,warm,20,0.5,0.2,fixed,1000,190,1199,1.0778574269999979,0.4709210599999807,0.6069363670000172,19.3
9,iterative,dual,cold,20,0.5,0.2,fixed,1000,190,1135,0.39542402200000026,0.07388411499999847,0.3215399070000018,19.300000000000004
9,once,auto,cold,20,0.5,0.2,fixed,1000,190,4561,0.426161221000001,0.19425096300000178,0.2319102579999992,19.300000000000004
9,iterative,auto,warm,20,0.5,0.2,fixed,1000,190,1123,0.8110607320000014,0.308471028999989,0.5025897030000124,19.3
9,iterative,auto,cold,20,0.5,0.2,fixed,1000,190,1179,0.44523549700001297,0.06321136799999749,0.3820241290000155,19.299999999999997
10,once,dual,cold,20,0.8,0.1,fixed,10,190,4561,0.21694269600000382,0.02115271899999982,0.195789977000004,11.0
10,iterative,dual,warm,20,0.8,0.1,fixed,10,190,211,0.9592368879999924,0.039873194000023204,0.9193636939999692,11.0
10,iterative,dual,cold,20,0.8,0.1,fixed,10,190,211,0.9302767730000028,0.012910713999986001,0.9173660590000168,11.0
10,once,auto,cold,20,0.8,0.1,fixed,10,190,4561,0.21963283400000932,0.021168148000000997,0.19846468600000833,11.0
10,iterative,auto,warm,20,0.8,0.1,fixed,10,190,211,0.9594982490000064,0.037724693999976466,0.9217735550000299,11.0
10,iterative,auto,cold,20,0.8,0.1,fixed,10,190,221,1.0082765850000044,0.014991295999962517,0.9932852890000419,11.0
11,once,dual,cold,20,0.8,0.1,fixed,30,190,4561,0.2215971250000024,0.025817543000002274,0.19577958200000012,12.0
11,iterative,dual,warm,20,0.8,0.1,fixed,30,190,251,0.5329288329999997,0.018156854000025646,0.5147719789999741,12.0
11,iterative,dual,cold,20,0.8,0.1,fixed,30,190,281,0.5631132169999944,0.011297984000009365,0.551815232999985,12.0
11,once,auto,cold,20,0.8,0.1,fixed,30,190,4561,0.22299792700000864,0.025661905999996293,0.19733602100001235,12.0
11,iterative,auto,warm,20,0.8,0.1,fixed,30,190,281,0.5737929649999955,0.02455338100001825,0.5492395839999773,12.0
11,iterative,auto,cold,20,0.8,0.1,fixed,30,190,315,0.704251376000002,0.012898796999991191,0.6913525790000108,12.0
12,once,dual,cold,20,0.8,0.1,fixed,100,190,4561,0.23076966899999718,0.02854921800000909,0.2022204509999881,12.0
12,iterative,dual,warm,20,0.8,0.1,fixed,100,190,399,0.427582349000005,0.02348909900000251,0.4040932500000025,12.0
12,iterative,dual,cold,20,0.8,0.1,fixed,100,190,401,0.3345272550000118,0.007878942000019151,0.32664831299999264,12.0
12,once,auto,cold,20,0.8,0.1,fixed,100,190,4561,0.2272141050000016,0.028567706999993447,0.19864639800000816,12.0
12,iterative,auto,warm,20,0.8,0.1,fixed,100,190,401,0.3520727150000056,0.018960456999991493,0.3331122580000141,12.0
12,iterative,auto,cold,20,0.8,0.1,fixed,100,190,401,0.33448551899999757,0.007914724000016804,0.32657079499998076,12.0
13,once,dual,cold,20,0.8,0.1,fixed,300,190,4561,0.25432466599998804,0.024757890000003613,0.22956677599998443,11.0
13,iterative,dual,warm,20,0.8,0.1,fixed,300,190,401,0.19397388400000182,0.006154725000001804,0.187819159,11.0
13,iterative,dual,cold,20,0.8,0.1,fixed,300,190,401,0.18660505299999386,0.003621043999999074,0.18298400899999478,11.0
13,once,auto,cold,20,0.8,0.1,fixed,300,190,4561,0.2225664439999946,0.02485500500000626,0.19771143899998833,11.0
13,iterative,auto,warm,20,0.8,0.1,fixed,300,190,401,0.1964247260000036,0.0067440780000112,0.1896806479999924,11.0
13,iterative,auto,cold,20,0.8,0.1,fixed,300,190,401,0.187339233000003,0.00371607900000015,0.18362315400000284,11.0
14,once,dual,cold,20,0.8,0.1,fixed,1000,190,4561,0.22784082799999794,0.03184773399999585,0.1959930940000021,11.0
14,iterative,dual,warm,20,0.8,0.1,fixed,1000,190,774,0.27941478099999983,0.016120524000001524,0.2632942569999983,11.0
14,iterative,dual,cold,20,0.8,0.1,fixed,1000,190,570,0.19133140099999935,0.005059234999990281,0.18627216600000907,11.0
14,once,auto,cold,20,0.8,0.1,fixed,1000,190,4561,0.2650847459999994,0.032067760000003886,0.23301698599999554,11.0
14,iterative,auto,warm,20,0.8,0.1,fixed,1000,190,625,0.26831953399999975,0.011170892999999182,0.25714864100000057,11.0
14,iterative,auto,cold,20,0.8,0.1,fixed,1000,190,569,0.19063237499999275,0.004874966999992125,0.18575740800000062,11.0
15,once,dual,cold,20,0.8,0.2,fixed,10,190,4561,0.21848808699999722,0.0227159380000046,0.19577214899999262,18.0
15,iterative,dual,warm,20,0.8,0.2,fixed,10,190,201,0.8799381910000079,0.026267819000011627,0.8536703719999963,18.0
15,iterative,dual,cold,20,0.8,0.2,fixed,10,190,231,1.0842514769999951,0.015622632999992447,1.0686288440000027,18.0
15,once,auto,cold,20,0.8,0.2,fixed,10,190,4561,0.2199224790000045,0.022647179000003348,0.19727530000000115,18.0
15,iterative,auto,warm,20,0.8,0.2,fixed,10,190,241,1.1859541639999946,0.04731275100002108,1.1386414129999736,18.0
15,iterative,auto,cold,20,0.8,0.2,fixed,10,190,221,1.0133128349999936,0.012396458999972992,1.0009163760000206,18.0
16,once,dual,cold,20,0.8,0.2,fixed,30,190,4561,0.22538620600001025,0.027944426000004796,0.19744178000000545,18.0
16,iterative,dual,warm,20,0.8,0.2,fixed,30,190,281,0.5730907570000028,0.020342970000001515,0.5527477870000013,18.0
16,iterative,dual,cold,20,0.8,0.2,fixed,30,190,221,0.445949641999988,0.0055707340000168415,0.44037890799997115,18.0
16,once,auto,cold,20,0.8,0.2,fixed,30,190,4561,0.22905156399998816,0.027914903000009872,0.2011366609999783,18.0
16,iterative,auto,warm,20,0.8,0.2,fixed,30,190,311,0.6493993500000101,0.023222993999979735,0.6261763560000304,18.0
16,iterative,auto,cold,20,0.8,0.2,fixed,30,190,639,1.4039808879999924,0.016731698999976174,1.3872491890000163,18.0
17,once,dual,cold,20,0.8,0.2,fixed,100,190,4561,0.2232523360000016,0.0266304109999993,0.1966219250000023,20.0
17,iterative,dual,warm,20,0.8,0.2,fixed,100,190,335,0.3453147470000033,0.013530500000001666,0.33178424700000164,20.0
17,iterative,dual,cold,20,0.8,0.2,fixed,100,190,401,0.33780906799999855,0.008832632000007834,0.3289764359999907,20.0
17,once,auto,cold,20,0.8,0.2,fixed,100,190,4561,0.22409037499998874,0.026515779000007456,0.19757459599998128,20.0
17,iterative,auto,warm,20,0.8,0.2,fixed,100,190,437,0.42562949999999944,0.020997427000011726,0.4046320729999877,20.0
17,iterative,auto,cold,20,0.8,0.2,fixed,100,190,361,0.3364173920000013,0.007919290000003798,0.3284981019999975,20.0
18,once,dual,cold,20,0.8,0.2,fixed,300,190,4561,0.258075606999995,0.025794790000006174,0.23228081699998882,22.0
18,iterative,dual,warm,20,0.8,0.2,fixed,300,190,613,0.2769020530000006,0.013561132999996062,0.26334092000000453,22.0
18,iterative,dual,cold,20,0.8,0.2,fixed,300,190,605,0.2647363739999946,0.006252027000002158,0.25848434699999245,22.0
18,once,auto,cold,20,0.8,0.2,fixed,300,190,4561,0.22842376700000955,0.025591298999998457,0.2028324680000111,22.0
18,iterative,auto,warm,20,0.8,0.2,fixed,300,190,586,0.27462861200000077,0.011836869999996225,0.26279174200000455,22.0
18,iterative,auto,cold,20,0.8,0.2,fixed,300,190,573,0.26475513999999123,0.007477643999990846,0.2572774960000004,22.0
19,once,dual,cold,20,0.8,0.2,fixed,1000,190,4561,0.22853467000000194,0.03118263000000354,0.1973520399999984,19.0
19,iterative,dual,warm,20,0.8,0.2,fixed,1000,190,552,0.20097991499999068,0.008604183999992188,0.1923757309999985,19.0
19,iterative,dual,cold,20,0.8,0.2,fixed,1000,190,571,0.1925662219999964,0.004775495999993495,0.1877907260000029,19.0
19,once,auto,cold,20,0.8,0.2,fixed,1000,190,4561,0.22996072999998773,0.031241890999993416,0.19871883899999432,19.0
19,iterative,auto,warm,20,0.8,0.2,fixed,1000,190,543,0.23541240100000493,0.00659996499999238,0.22881243600001255,19.0
19,iterative,auto,cold,20,0.8,0.2,fixed,1000,190,563,0.26266702200000225,0.006978044000007344,0.2556889779999949,19.0
20,once,dual,cold,20,0.5,0.1,fixed,10,190,4561,0.24028498600000603,0.04390773300001172,0.1963772529999943,10.0
20,iterative,dual,warm,20,0.5,0.1,fixed,10,190,331,1.9067502980000057,0.13017152499996598,1.7765787730000397,10.0
20,iterative,dual,cold,20,0.5,0.1,fixed,10,190,281,1.4677333439999956,0.03801146000000699,1.4297218839999886,10.0
20,once,auto,cold,20,0.5,0.1,fixed,10,190,4561,0.2418786050000108,0.043838285999996174,0.19804031900001462,10.0
20,iterative,auto,warm,20,0.5,0.1,fixed,10,190,311,1.7730789599999923,0.12205159799999876,1.6510273619999936,10.0
20,iterative,auto,cold,20,0.5,0.1,fixed,10,190,311,1.6801803719999953,0.04035620999997036,1.639824162000025,10.0
21,once,dual,cold,20,0.5,0.1,fixed,30,190,4561,0.42943677600000285,0.23227875499999584,0.197158021000007,17.0
21,iterative,dual,warm,20,0.5,0.1,fixed,30,190,1211,4.259231501000002,1.6806469939999715,2.5785845070000306,17.0
21,iterative,dual,cold,20,0.5,0.1,fixed,30,190,1791,3.817992114000006,0.19880953099996646,3.6191825830000397,16.999999999999996
21,once,auto,cold,20,0.5,0.1,fixed,30,190,4561,0.4329001220000066,0.23157725299999754,0.20132286900000906,17.0
21,iterative,auto,warm,20,0.5,0.1,fixed,30,190,851,2.671369528999989,0.8317354619999833,1.8396340670000058,17.0
21,iterative,auto,cold,20,0.5,0.1,fixed,30,190,1887,3.9380721760000057,0.2144345310000091,3.7236376449999966,16.99999999999997
22,once,dual,cold,20,0.5,0.1,fixed,100,190,4561,0.26219763000000285,0.06542530299999783,0.19677232700000502,8.0
22,iterative,dual,warm,20,0.5,0.1,fixed,100,190,601,0.5218216610000042,0.047745552000023395,0.47407610899998076,8.0
22,iterative,dual,cold,20,0.5,0.1,fixed,100,190,652,0.6382683279999952,0.03752078200001563,0.6007475459999796,8.0
22,once,auto,cold,20,0.5,0.1,fixed,100,190,4561,0.2654683530000028,0.06537908299999629,0.20008927000000654,8.0
22,iterative,auto,warm,20,0.5,0.1,fixed,100,190,701,0.6138228020000014,0.07332965700000216,0.5404931449999992,8.0
22,iterative,auto,cold,20,0.5,0.1,fixed,100,190,945,0.7643746560000011,0.035541169000012474,0.7288334869999886,7.999999999999999
23,once,dual,cold,20,0.5,0.1,fixed,300,190,4561,0.3260227610000044,0.09136930300000756,0.23465345799999682,10.0
23,iterative,dual,warm,20,0.5,0.1,fixed,300,190,701,0.2896027339999989,0.024005536999993637,0.2655971970000053,10.0
23,iterative,dual,cold,20,0.5,0.1,fixed,300,190,1442,0.49686212299999966,0.04011049900000785,0.4567516239999918,9.999999999999995
23,once,auto,cold,20,0.5,0.1,fixed,300,190,4561,0.3005386920000035,0.0915675310000097,0.2089711609999938,10.0
23,iterative,auto,warm,20,0.5,0.1,fixed,300,190,1182,0.47541730400001825,0.0755273360000217,0.39988996799999654,10.0
23,iterative,auto,cold,20,0.5,0.1,fixed,300,190,1035,0.43359026399997447,0.03430690199999731,0.39928336199997716,10.0
24,once,dual,cold,20,0.5,0.1,fixed,1000,190,4561,0.3826274109999872,0.18601520400000027,0.19661220699998694,4.8684210526315805
24,iterative,dual,warm,20,0.5,0.1,fixed,1000,190,1529,1.3633340599999997,0.6170604550000292,0.7462736049999705,4.868421052631582
24,iterative,dual,cold,20,0.5,0.1,fixed,1000,190,1476,0.5913777399999844,0.09394498700001463,0.4974327529999698,4.868421052631585
24,once,auto,cold,20,0.5,0.1,fixed,1000,190,4561,0.429381291999988,0.18729136999999696,0.24208992199999102,4.8684210526315805
24,iterative,auto,warm,20,0.5,0.1,fixed,1000,190,1877,1.4294265590000066,0.7075102329999652,0.7219163260000414,4.86842105263157
24,iterative,auto,cold,20,0.5,0.1,fixed,1000,190,2055,0.6323149020000187,0.10442640000002257,0.5278885019999962,4.86842105263157
25,once,dual,cold,20,0.5,0.2,fixed,10,190,4561,0.27444507399999907,0.07896399899999551,0.19548107500000356,14.0
25,iterative,dual,warm,20,0.5,0.2,fixed,10,190,331,1.946523964999983,0.15884727599998882,1.7876766889999942,14.0
25,iterative,dual,cold,20,0.5,0.2,fixed,10,190,331,1.8634072579999952,0.06734842699995625,1.796058831000039,14.0
25,once,auto,cold,20,0.5,0.2,fixed,10,190,4561,0.27940525500000035,0.07900585600000909,0.20039939899999126,14.0
25,iterative,auto,warm,20,0.5,0.2,fixed,10,190,311,1.7983216880000157,0.14279838399997402,1.6555233040000417,14.0
25,iterative,auto,cold,20,0.5,0.2,fixed,10,190,351,2.001243095999996,0.06886948400008919,1.9323736119999069,14.0
26,once,dual,cold,20,0.5,0.2,fixed,30,190,4561,0.39342593500001044,0.19635364699999514,0.1970722880000153,21.0
26,iterative,dual,warm,20,0.5,0.2,fixed,30,190,1565,5.991869665999985,2.6674151089999896,3.3244545569999957,21.0
26,iterative,dual,cold,20,0.5,0.2,fixed,30,190,989,2.3239786700000025,0.15940118000003167,2.164577489999971,21.0
26,once,auto,cold,20,0.5,0.2,fixed,30,190,4561,0.40030742799999075,0.19732146699999475,0.202985960999996,21.0
26,iterative,auto,warm,20,0.5,0.2,fixed,30,190,1217,4.598128110000005,1.959456906000014,2.6386712039999907,21.0
26,iterative,auto,cold,20,0.5,0.2,fixed,30,190,1067,2.505056870000004,0.18134770800017463,2.3237091619998296,21.0
27,once,dual,cold,20,0.5,0.2,fixed,100,190,4561,0.40845990500000084,0.2117051769999989,0.19675472800000193,17.68421052631582
27,iterative,dual,warm,20,0.5,0.2,fixed,100,190,1069,1.6638357349999922,0.6181852050000884,1.0456505299999037,17.684210526315788
27,iterative,dual,cold,20,0.5,0.2,fixed,100,190,777,0.7129675490000125,0.10383042199998727,0.6091371270000252,17.684210526315788
27,once,auto,cold,20,0.5,0.2,fixed,100,190,4561,0.41863831099999516,0.21169564299998456,0.2069426680000106,17.68421052631582
27,iterative,auto,warm,20,0.5,0.2,fixed,100,190,1015,1.8693935089999911,0.702772429999925,1.1666210790000662,17.684210526315777
27,iterative,auto,cold,20,0.5,0.2,fixed,100,190,948,0.939969762000004,0.09243893900000444,0.8475308229999996,17.68421052631578
28,once,dual,cold,20,0.5,0.2,fixed,300,190,4561,0.353934828000007,0.15507423099998618,0.1988605970000208,14.999999999999986
28,iterative,dual,warm,20,0.5,0.2,fixed,300,190,3037,2.249845081999979,1.3907789850000256,0.8590660969999533,14.999999999999986
28,iterative,dual,cold,20,0.5,0.2,fixed,300,190,1788,0.5865569169999958,0.07026390800001536,0.5162930089999804,14.999999999999993
28,once,auto,cold,20,0.5,0.2,fixed,300,190,4561,0.3618363479999971,0.15472703000000365,0.20710931799999344,14.999999999999986
28,iterative,auto,warm,20,0.5,0.2,fixed,300,190,2935,2.156519359000015,1.2820596809999643,0.8744596780000506,14.999999999999995
28,iterative,auto,cold,20,0.5,0.2,fixed,300,190,1245,0.45414279400000623,0.05362034000000904,0.4005224539999972,15.000000000000002
29,once,dual,cold,20,0.5,0.2,fixed,1000,190,4561,0.38064451999997573,0.18325334900001167,0.19739117099996406,19.868131868131858
29,iterative,dual,warm,20,0.5,0.2,fixed,1000,190,1086,1.0942062249999935,0.4729079330000161,0.6212982919999774,19.86813186813186
29,iterative,dual,cold,20,0.5,0.2,fixed,1000,190,1032,0.4507538619999991,0.07259969200001137,0.37815416999998774,19.86813186813187
29,once,auto,cold,20,0.5,0.2,fixed,1000,190,4561,0.3937467819999938,0.1826921819999825,0.2110546000000113,19.868131868131858
29,iterative,auto,warm,20,0.5,0.2,fixed,1000,190,1093,0.8500846770000123,0.34802351399997633,0.502061163000036,19.86813186813187
29,iterative,auto,cold,20,0.5,0.2,fixed,1000,190,1096,0.3973912399999904,0.07052555200002075,0.3268656879999696,19.868131868131865
30,once,dual,cold,20,0.8,0.1,fixed,10,190,4561,0.2285634259999938,0.028453381000019817,0.20011004499997398,4.0
30,iterative,dual,warm,20,0.8,0.1,fixed,10,190,171,0.6581431630000054,0.020640120999985356,0.6375030420000201,4.0
30,iterative,dual,cold,20,0.8,0.1,fixed,10,190,171,0.6428124260000061,0.008881934999976693,0.6339304910000294,4.0
30,once,auto,cold,20,0.8,0.1,fixed,10,190,4561,0.2362372359999938,0.027000641999990194,0.2092365940000036,4.0
30,iterative,auto,warm,20,0.8,0.1,fixed,10,190,211,0.9564014480000083,0.032883516999959284,0.923517931000049,4.0
30,iterative,auto,cold,20,0.8,0.1,fixed,10,190,161,0.5658600789999753,0.005711062999978367,0.5601490159999969,4.0
31,once,dual,cold,20,0.8,0.1,fixed,30,190,4561,0.2773016229999996,0.03783887899999172,0.2394627440000079,20.0
31,iterative,dual,warm,20,0.8,0.1,fixed,30,190,371,0.807810877999998,0.04070121800006632,0.7671096599999316,20.0
31,iterative,dual,cold,20,0.8,0.1,fixed,30,190,371,0.781560455999994,0.01624431300004403,0.76531614299995,20.0
31,once,auto,cold,20,0.8,0.1,fixed,30,190,4561,0.2440903639999874,0.037686127000000624,0.20640423699998678,20.0
31,iterative,auto,warm,20,0.8,0.1,fixed,30,190,371,0.8181799829999932,0.04761314399996763,0.7705668390000255,20.0
31,iterative,auto,cold,20,0.8,0.1,fixed,30,190,609,1.3484522589999983,0.02657591699997397,1.3218763420000244,20.0
32,once,dual,cold,20,0.8,0.1,fixed,100,190,4561,0.24145734900000093,0.042909661000010146,0.19854768799999079,12.0
32,iterative,dual,warm,20,0.8,0.1,fixed,100,190,401,0.3544412160000263,0.018841611999988572,0.33559960400003774,12.0
32,iterative,dual,cold,20,0.8,0.1,fixed,100,190,401,0.33694199499998945,0.01004002800002013,0.3269019669999693,12.0
32,once,auto,cold,20,0.8,0.1,fixed,100,190,4561,0.2797827210000037,0.043470976999998356,0.23631174400000532,12.0
32,iterative,auto,warm,20,0.8,0.1,fixed,100,190,401,0.3581887679999909,0.019670554000015272,0.3385182139999756,12.0
32,iterative,auto,cold,20,0.8,0.1,fixed,100,190,401,0.34015447600000925,0.009960746000018617,0.33019372999999064,12.0
33,once,dual,cold,20,0.8,0.1,fixed,300,190,4561,0.2336898640000129,0.03472053499999106,0.19896932900002184,8.0
33,iterative,dual,warm,20,0.8,0.1,fixed,300,190,701,0.2802478510000128,0.013019116999998914,0.2672287340000139,8.0
33,iterative,dual,cold,20,0.8,0.1,fixed,300,190,701,0.27073736500000223,0.009096373999994967,0.26164099100000726,8.0
33,once,auto,cold,20,0.8,0.1,fixed,300,190,4561,0.24294166000001383,0.03663853200001199,0.20630312800000183,8.0
33,iterative,auto,warm,20,0.8,0.1,fixed,300,190,573,0.3502948440000182,0.014570808999991414,0.3357240350000268,8.0
33,iterative,auto,cold,20,0.8,0.1,fixed,300,190,507,0.27226361700002144,0.008941691999979184,0.26332192500004226,8.0
34,once,dual,cold,20,0.8,0.1,fixed,1000,190,4561,0.22971972799999207,0.028786656999983506,0.20093307100000857,10.0
34,iterative,dual,warm,20,0.8,0.1,fixed,1000,190,451,0.19865222399999993,0.0053455400000075315,0.1933066839999924,10.0
34,iterative,dual,cold,20,0.8,0.1,fixed,1000,190,464,0.23476077800000894,0.003893325999968056,0.23086745200004088,10.0
34,once,auto,cold,20,0.8,0.1,fixed,1000,190,4561,0.2385950770000136,0.027492789999996603,0.21110228700001699,10.0
34,iterative,auto,warm,20,0.8,0.1,fixed,1000,190,463,0.19631284499999424,0.0053133790000003955,0.19099946599999384,10.0
34,iterative,auto,cold,20,0.8,0.1,fixed,1000,190,449,0.19292287199999691,0.004018496000014693,0.18890437599998222,10.0
35,once,dual,cold,20,0.8,0.2,fixed,10,190,4561,0.2381415340000217,0.03608473200000617,0.20205680200001552,21.0
35,iterative,dual,warm,20,0.8,0.2,fixed,10,190,261,1.360637928000017,0.07059186999995859,1.2900460580000583,21.0
35,iterative,dual,cold,20,0.8,0.2,fixed,10,190,251,1.2350662030000024,0.02601623299989342,1.209049970000109,21.0
35,once,auto,cold,20,0.8,0.2,fixed,10,190,4561,0.2420949060000055,0.03580729300000485,0.20628761300000065,21.0
35,iterative,auto,warm,20,0.8,0.2,fixed,10,190,231,1.1289323530000104,0.05829094899999632,1.070641404000014,21.0
35,iterative,auto,cold,20,0.8,0.2,fixed,10,190,281,1.470476958000006,0.028241396000026953,1.4422355619999792,21.0
36,once,dual,cold,20,0.8,0.2,fixed,30,190,4561,0.2678569809999942,0.03333788600002663,0.2345190949999676,24.0
36,iterative,dual,warm,20,0.8,0.2,fixed,30,190,341,0.7404445120000105,0.042365331000013384,0.6980791809999971,24.0
36,iterative,dual,cold,20,0.8,0.2,fixed,30,190,341,0.7155638689999932,0.019767997999935005,0.6957958710000582,24.0
36,once,auto,cold,20,0.8,0.2,fixed,30,190,4561,0.23949719300000538,0.03305807000000982,0.20643912299999556,24.0
36,iterative,auto,warm,20,0.8,0.2,fixed,30,190,371,0.8129819469999973,0.04574549900002012,0.7672364479999771,24.0
36,iterative,auto,cold,20,0.8,0.2,fixed,30,190,311,0.6402566700000136,0.017386819999984482,0.6228698500000291,24.0
37,once,dual,cold,20,0.8,0.2,fixed,100,190,4561,0.24744901500000083,0.050343005000001995,0.19710600999999883,16.0
37,iterative,dual,warm,20,0.8,0.2,fixed,100,190,435,0.43007217699999956,0.02760014500000807,0.4024720319999915,16.0
37,iterative,dual,cold,20,0.8,0.2,fixed,100,190,500,0.41585418099998606,0.015811009999993075,0.400043170999993,16.0
37,once,auto,cold,20,0.8,0.2,fixed,100,190,4561,0.2955772079999974,0.05125539799999501,0.24432181000000242,16.0
37,iterative,auto,warm,20,0.8,0.2,fixed,100,190,501,0.4281314140000063,0.0221707990000084,0.4059606149999979,16.0
37,iterative,auto,cold,20,0.8,0.2,fixed,100,190,627,0.5539973040000064,0.013252671000003602,0.5407446330000028,16.0
38,once,dual,cold,20,0.8,0.2,fixed,300,190,4561,0.22753580199997714,0.02824819200000661,0.19928760999997053,15.0
38,iterative,dual,warm,20,0.8,0.2,fixed,300,190,435,0.2663328639999918,0.009123203999990892,0.2572096600000009,15.0
38,iterative,dual,cold,20,0.8,0.2,fixed,300,190,401,0.18701072999999724,0.004193834999995261,0.18281689500000198,15.0
38,once,auto,cold,20,0.8,0.2,fixed,300,190,4561,0.22699667599999884,0.028209685000007312,0.19878699099999153,15.0
38,iterative,auto,warm,20,0.8,0.2,fixed,300,190,465,0.2682750609999971,0.008408107999997583,0.2598669529999995,15.0
38,iterative,auto,cold,20,0.8,0.2,fixed,300,190,401,0.18687767099999064,0.004026967000015702,0.18285070399997494,15.0
39,once,dual,cold,20,0.8,0.2,fixed,1000,190,4561,0.23013919699999974,0.03008210499999109,0.20005709200000865,24.0
39,iterative,dual,warm,20,0.8,0.2,fixed,1000,190,675,0.3155949949999979,0.015007033999978603,0.3005879610000193,24.0
39,iterative,dual,cold,20,0.8,0.2,fixed,1000,190,567,0.19363398300001222,0.005393414999986135,0.1882405680000261,24.0
39,once,auto,cold,20,0.8,0.2,fixed,1000,190,4561,0.22805226299999504,0.03039633000000208,0.19765593299999296,24.0
39,iterative,auto,warm,20,0.8,0.2,fixed,1000,190,633,0.2739782049999917,0.01351682099996765,0.26046138400002405,24.0
39,iterative,auto,cold,20,0.8,0.2,fixed,1000,190,605,0.2671889149999913,0.01150032700002157,0.25568858799996974,24.0
40,once,dual,cold,20,0.5,0.1,fixed,10,190,4561,0.24398690699999293,0.04237369300000182,0.2016132139999911,9.0
40,iterative,dual,warm,20,0.5,0.1,fixed,10,190,281,1.5329935880000107,0.09621137599995677,1.436782212000054,9.0
40,iterative,dual,cold,20,0.5,0.1,fixed,10,190,271,1.392188721999986,0.027803494000067985,1.364385227999918,9.0
40,once,auto,cold,20,0.5,0.1,fixed,10,190,4561,0.24585031199998753,0.04253703499998096,0.20331327700000656,9.0
40,iterative,auto,warm,20,0.5,0.1,fixed,10,190,291,1.6125173519999976,0.10079698999993525,1.5117203620000623,9.0
40,iterative,auto,cold,20,0.5,0.1,fixed,10,190,325,1.875395678000018,0.030572144000018397,1.8448235339999997,9.0
41,once,dual,cold,20,0.5,0.1,fixed,30,190,4561,0.3782054020000203,0.18179185200000347,0.1964135500000168,8.676470588235295
41,iterative,dual,warm,20,0.5,0.1,fixed,30,190,928,3.136918496999982,0.9237636630000168,2.2131548339999654,8.676470588235311
41,iterative,dual,cold,20,0.5,0.1,fixed,30,190,798,1.902448961999994,0.13374871600007054,1.7687002459999235,8.676470588235302
41,once,auto,cold,20,0.5,0.1,fixed,30,190,4561,0.3853326779999975,0.18183548600001131,0.20349719199998617,8.676470588235295
41,iterative,auto,warm,20,0.5,0.1,fixed,30,190,896,3.0386487570000043,0.8819596130000207,2.1566891439999836,8.676470588235288
41,iterative,auto,cold,20,0.5,0.1,fixed,30,190,739,1.7876704899999822,0.14935352699993132,1.638316963000051,8.676470588235293
42,once,dual,cold,20,0.5,0.1,fixed,100,190,4561,0.250305663000006,0.05247386399997822,0.19783179900002779,7.0
42,iterative,dual,warm,20,0.5,0.1,fixed,100,190,501,0.4347692439999946,0.03029062400000271,0.4044786199999919,7.0
42,iterative,dual,cold,20,0.5,0.1,fixed,100,190,701,0.587562188000021,0.0471537110000213,0.5404084769999997,7.0
42,once,auto,cold,20,0.5,0.1,fixed,100,190,4561,0.2959441360000028,0.052129220000011856,0.24381491599999094,7.0
42,iterative,auto,warm,20,0.5,0.1,fixed,100,190,601,0.5221510239999816,0.0468902929999615,0.4752607310000201,7.0
42,iterative,auto,cold,20,0.5,0.1,fixed,100,190,601,0.5016991899999823,0.02900162300002762,0.4726975669999547,7.0
43,once,dual,cold,20,0.5,0.1,fixed,300,190,4561,0.251971669999989,0.052154734999987795,0.1998169350000012,7.0
43,iterative,dual,warm,20,0.5,0.1,fixed,300,190,701,0.28268909499999495,0.018620036000015716,0.26406905899997923,7.0
43,iterative,dual,cold,20,0.5,0.1,fixed,300,190,701,0.27306646599998885,0.011332753999994338,0.2617337119999945,7.0
43,once,auto,cold,20,0.5,0.1,fixed,300,190,4561,0.2575529089999975,0.052312981000000036,0.20523992799999746,7.0
43,iterative,auto,warm,20,0.5,0.1,fixed,300,190,701,0.28468001400000276,0.017791828999975223,0.26688818500002753,7.0
43,iterative,auto,cold,20,0.5,0.1,fixed,300,190,701,0.27297647600002506,0.013966472000021213,0.25901000400000385,7.0
44,once,dual,cold,20,0.5,0.1,fixed,1000,190,4561,0.24701039100000344,0.04957222900000602,0.19743816199999742,12.0
44,iterative,dual,warm,20,0.5,0.1,fixed,1000,190,1190,0.338580587999985,0.02811516600002051,0.3104654219999645,12.0
44,iterative,dual,cold,20,0.5,0.1,fixed,1000,190,1446,0.34785646800000336,0.020415192000001525,0.32744127600000184,12.0
44,once,auto,cold,20,0.5,0.1,fixed,1000,190,4561,0.25324850800001286,0.04942100299999197,0.2038275050000209,12.0
44,iterative,auto,warm,20,0.5,0.1,fixed,1000,190,1344,0.3126153610000131,0.035852317000006906,0.2767630440000062,12.0
44,iterative,auto,cold,20,0.5,0.1,fixed,1000,190,1085,0.34367563500001097,0.019681609999992133,0.32399402500001884,12.0
45,once,dual,cold,20,0.5,0.2,fixed,10,190,4561,0.44248356900001795,0.24348621900000467,0.19899735000001328,19.0
45,iterative,dual,warm,20,0.5,0.2,fixed,10,190,561,4.28639079300001,0.8935615189998316,3.392829274000178,19.0
45,iterative,dual,cold,20,0.5,0.2,fixed,10,190,1158,7.315315999999996,0.24477671000002488,7.070539289999971,18.999999999999993
45,once,auto,cold,20,0.5,0.2,fixed,10,190,4561,0.4518173359999764,0.24373750399999494,0.20807983199998148,19.0
45,iterative,auto,warm,20,0.5,0.2,fixed,10,190,531,3.9874424850000025,0.8097495279999691,3.1776929570000334,19.0
45,iterative,auto,cold,20,0.5,0.2,fixed,10,190,531,3.4092417550000107,0.18202673900003674,3.227215015999974,19.0
46,once,dual,cold,20,0.5,0.2,fixed,30,190,4561,0.3981303740000044,0.20083056400000032,0.19729981000000407,13.833333333333337
46,iterative,dual,warm,20,0.5,0.2,fixed,30,190,888,3.07657573299997,0.9419740330000081,2.134601699999962,13.833333333333332
46,iterative,dual,cold,20,0.5,0.2,fixed,30,190,728,1.7256286139999588,0.14760713099985878,1.5780214830001,13.833333333333329
46,once,auto,cold,20,0.5,0.2,fixed,30,190,4561,0.4105657890000316,0.2004317039999819,0.2101340850000497,13.833333333333337
46,iterative,auto,warm,20,0.5,0.2,fixed,30,190,835,2.871972760999995,0.8546529330000112,2.0173198279999838,13.833333333333334
46,iterative,auto,cold,20,0.5,0.2,fixed,30,190,643,1.561330665000014,0.11669065899997122,1.4446400060000428,13.833333333333332
47,once,dual,cold,20,0.5,0.2,fixed,100,190,4561,0.3991908790000025,0.19876660099998844,0.20042427800001406,15.010752688172046
47,iterative,dual,warm,20,0.5,0.2,fixed,100,190,949,1.5470686830000204,0.570191859999909,0.9768768230001115,15.010752688172042
47,iterative,dual,cold,20,0.5,0.2,fixed,100,190,929,0.9537985700000036,0.11076181900000392,0.8430367509999996,15.010752688172047
47,once,auto,cold,20,0.5,0.2,fixed,100,190,4561,0.4024875590000079,0.19887109300003658,0.2036164659999713,15.010752688172046
47,iterative,auto,warm,20,0.5,0.2,fixed,100,190,901,1.3032974070000023,0.43091119899992236,0.8723862080000799,15.010752688172042
47,iterative,auto,cold,20,0.5,0.2,fixed,100,190,971,0.9756343740000375,0.12192408800007115,0.8537102859999663,15.01075268817205
48,once,dual,cold,20,0.5,0.2,fixed,300,190,4561,0.3912264900000082,0.19367989900001703,0.19754659099999117,22.545454545454547
48,iterative,dual,warm,20,0.5,0.2,fixed,300,190,804,0.9013258499999779,0.3122562309999921,0.5890696189999858,22.54545454545456
48,iterative,dual,cold,20,0.5,0.2,fixed,300,190,836,0.5142386760000477,0.06350840900000776,0.45073026700003993,22.545454545454536
48,once,auto,cold,20,0.5,0.2,fixed,300,190,4561,0.398320880999961,0.1932897660000208,0.2050311149999402,22.545454545454547
48,iterative,auto,warm,20,0.5,0.2,fixed,300,190,1131,0.9823154869999939,0.4060596180000857,0.5762558689999082,22.545454545454543
48,iterative,auto,cold,20,0.5,0.2,fixed,300,190,796,0.5294119499999965,0.07260924399997748,0.45680270600001904,22.54545454545454
49,once,dual,cold,20,0.5,0.2,fixed,1000,190,4561,0.3326103109999963,0.09696801500001584,0.23564229599998043,18.00000000000001
49,iterative,dual,warm,20,0.5,0.2,fixed,1000,190,1277,0.3493367849999913,0.07432893099996818,0.27500785400002314,18.0
49,iterative,dual,cold,20,0.5,0.2,fixed,1000,190,1074,0.30967192299999624,0.044168883999986974,0.26550303900000927,18.0
49,once,auto,cold,20,0.5,0.2,fixed,1000,190,4561,0.3028048209999952,0.09665849500004242,0.20614632599995275,18.00000000000001
49,iterative,auto,warm,20,0.5,0.2,fixed,1000,190,1332,0.3454209189999915,0.06887067499991417,0.2765502440000773,18.0
49,iterative,auto,cold,20,0.5,0.2,fixed,1000,190,1535,0.3784380459999852,0.047255484000004344,0.33118256199998086,18.0
50,once,dual,cold,20,0.8,0.1,fixed,10,190,4561,0.22540414099995587,0.026771263000000545,0.19863287799995533,9.0
50,iterative,dual,warm,20,0.8,0.1,fixed,10,190,221,1.03830164499999,0.04014721800001553,0.9981544269999745,9.0
50,iterative,dual,cold,20,0.8,0.1,fixed,10,190,211,0.9486635460000343,0.010857036999993852,0.9378065090000405,9.0
50,once,auto,cold,20,0.8,0.1,fixed,10,190,4561,0.23499011900003097,0.026634655999998813,0.20835546300003216,9.0
50,iterative,auto,warm,20,0.8,0.1,fixed,10,190,181,0.7628370319999931,0.02163026299996318,0.7412067690000299,9.0
50,iterative,auto,cold,20,0.8,0.1,fixed,10,190,181,0.7036966790000179,0.008321267000042099,0.6953754119999758,9.0
51,once,dual,cold,20,0.8,0.1,fixed,30,190,4561,0.2252704549999862,0.028230210000003808,0.1970402449999824,15.0
51,iterative,dual,warm,20,0.8,0.1,fixed,30,190,311,0.6615597320000006,0.034803347999911693,0.6267563840000889,15.0
51,iterative,dual,cold,20,0.8,0.1,fixed,30,190,281,0.568515270999967,0.013855032999970263,0.5546602379999968,15.0
51,once,auto,cold,20,0.8,0.1,fixed,30,190,4561,0.22860701500002278,0.028213244000028226,0.20039377099999456,15.0
51,iterative,auto,warm,20,0.8,0.1,fixed,30,190,311,0.6596892700000012,0.030565310999918438,0.6291239590000828,15.0
51,iterative,auto,cold,20,0.8,0.1,fixed,30,190,341,0.7099433639999688,0.016456835000042247,0.6934865289999266,15.0
52,once,dual,cold,20,0.8,0.1,fixed,100,190,4561,0.23751950600001237,0.03814866600004052,0.19937083999997185,5.0
52,iterative,dual,warm,20,0.8,0.1,fixed,100,190,369,0.3466402100000323,0.014284882999959336,0.332355327000073,5.0
52,iterative,dual,cold,20,0.8,0.1,fixed,100,190,301,0.3033730010000113,0.005300903999966522,0.2980720970000448,5.0
52,once,auto,cold,20,0.8,0.1,fixed,100,190,4561,0.24419104000003244,0.03824077199999465,0.2059502680000378,5.0
52,iterative,auto,warm,20,0.8,0.1,fixed,100,190,335,0.351645781000002,0.014067013000044426,0.33757876799995756,5.0
52,iterative,auto,cold,20,0.8,0.1,fixed,100,190,301,0.2613377680000326,0.005846904000065933,0.2554908639999667,5.0
53,once,dual,cold,20,0.8,0.1,fixed,300,190,4561,0.22541894400001183,0.028927672000008897,0.19649127200000294,11.0
53,iterative,dual,warm,20,0.8,0.1,fixed,300,190,435,0.2715336470000125,0.011126272000012705,0.2604073749999998,11.0
53,iterative,dual,cold,20,0.8,0.1,fixed,300,190,401,0.18975803999995833,0.005895340999927612,0.18386269900003072,11.0
53,once,auto,cold,20,0.8,0.1,fixed,300,190,4561,0.23626510100001497,0.029045416999963436,0.20721968400005153,11.0
53,iterative,auto,warm,20,0.8,0.1,fixed,300,190,527,0.27849983699996983,0.01469064099995876,0.26380919600001107,11.0
53,iterative,auto,cold,20,0.8,0.1,fixed,300,190,668,0.271253143000024,0.00990671299996393,0.2613464300000601,11.0
54,once,dual,cold,20,0.8,0.1,fixed,1000,190,4561,0.2581081360000326,0.02294843699996818,0.2351596990000644,6.0
54,iterative,dual,warm,20,0.8,0.1,fixed,1000,190,363,0.19420389500004376,0.004478859999949236,0.18972503500009452,6.0
54,iterative,dual,cold,20,0.8,0.1,fixed,1000,190,834,0.40780691700001626,0.010632831000009446,0.3971740860000068,6.0
54,once,auto,cold,20,0.8,0.1,fixed,1000,190,4561,0.22810451300000523,0.02290818300002684,0.2051963299999784,6.0
54,iterative,auto,warm,20,0.8,0.1,fixed,1000,190,376,0.19332590300001584,0.0047635409999315925,0.18856236200008425,6.0
54,iterative,auto,cold,20,0.8,0.1,fixed,1000,190,466,0.19013815899995734,0.0039591530000393504,0.186179005999918,6.0
55,once,dual,cold,20,0.8,0.2,fixed,10,190,4561,0.22938815999998496,0.02918433700000378,0.20020382299998118,16.0
55,iterative,dual,warm,20,0.8,0.2,fixed,10,190,251,1.2816679790000194,0.07120314700000563,1.2104648320000138,16.0
55,iterative,dual,cold,20,0.8,0.2,fixed,10,190,271,1.3970003129999782,0.028361005000022033,1.3686393079999561,16.0
55,once,auto,cold,20,0.8,0.2,fixed,10,190,4561,0.23452365299999656,0.02922646999996914,0.20529718300002742,16.0
55,iterative,auto,warm,20,0.8,0.2,fixed,10,190,261,1.4040574900000138,0.07336015499998894,1.3306973350000249,16.0
55,iterative,auto,cold,20,0.8,0.2,fixed,10,190,231,1.0866590409999617,0.02034975399982386,1.0663092870001378,16.0
56,once,dual,cold,20,0.8,0.2,fixed,30,190,4561,0.2353229420000389,0.0365745309999852,0.1987484110000537,21.0
56,iterative,dual,warm,20,0.8,0.2,fixed,30,190,341,0.7384916140000541,0.0416018699999654,0.6968897440000887,21.0
56,iterative,dual,cold,20,0.8,0.2,fixed,30,190,341,0.7138343459999987,0.018661202000146204,0.6951731439998525,21.0
56,once,auto,cold,20,0.8,0.2,fixed,30,190,4561,0.24100965500002758,0.03637165299994649,0.2046380020000811,21.0
56,iterative,auto,warm,20,0.8,0.2,fixed,30,190,401,0.9052172070000211,0.06507353299991792,0.8401436740001031,21.0
56,iterative,auto,cold,20,0.8,0.2,fixed,30,190,398,0.861893815999963,0.02068608599995514,0.8412077300000078,21.0
57,once,dual,cold,20,0.8,0.2,fixed,100,190,4561,0.2296186089999992,0.028912367999964772,0.20070624100003442,20.0
57,iterative,dual,warm,20,0.8,0.2,fixed,100,190,365,0.3505574139999794,0.01668718500002342,0.333870228999956,20.0
57,iterative,dual,cold,20,0.8,0.2,fixed,100,190,401,0.38085729499999843,0.010954873999992287,0.36990242100000614,20.0
57,once,auto,cold,20,0.8,0.2,fixed,100,190,4561,0.23266884800000298,0.028934139000000414,0.20373470900000257,20.0
57,iterative,auto,warm,20,0.8,0.2,fixed,100,190,467,0.4223705669999731,0.017092884999954094,0.405277682000019,20.0
57,iterative,auto,cold,20,0.8,0.2,fixed,100,190,401,0.34162080200002265,0.012425570000004882,0.32919523200001777,20.0
58,once,dual,cold,20,0.8,0.2,fixed,300,190,4561,0.2232264240000177,0.02468595000004825,0.19854047399996944,20.0
58,iterative,dual,warm,20,0.8,0.2,fixed,300,190,512,0.27048727300001474,0.012287479000065105,0.25819979399994963,20.0
58,iterative,dual,cold,20,0.8,0.2,fixed,300,190,435,0.26033107200004224,0.006581927000013366,0.2537491450000289,20.0
58,once,auto,cold,20,0.8,0.2,fixed,300,190,4561,0.2298608390000254,0.024534123000023556,0.20532671600000185,20.0
58,iterative,auto,warm,20,0.8,0.2,fixed,300,190,519,0.26958285000000615,0.010583423000014136,0.258999426999992,20.0
58,iterative,auto,cold,20,0.8,0.2,fixed,300,190,517,0.26009588899995606,0.006075987000031091,0.25401990199992497,20.0
59,once,dual,cold,20,0.8,0.2,fixed,1000,190,4561,0.2623828769999932,0.026203903000009632,0.23617897399998355,20.0
59,iterative,dual,warm,20,0.8,0.2,fixed,1000,190,607,0.19923819899997852,0.005981499000029089,0.19325669999994943,20.0
59,iterative,dual,cold,20,0.8,0.2,fixed,1000,190,603,0.19739613699999836,0.00632444000001442,0.19107169699998394,20.0
59,once,auto,cold,20,0.8,0.2,fixed,1000,190,4561,0.23177919900001598,0.026246596000021327,0.20553260299999465,20.0
59,iterative,auto,warm,20,0.8,0.2,fixed,1000,190,630,0.2742587229999458,0.012405249000039476,0.2618534739999063,20.0
59,iterative,auto,cold,20,0.8,0.2,fixed,1000,190,579,0.19345552200002203,0.004786238000008325,0.1886692840000137,20.0
